,Mean_FCFS,Mean_FCFS,Mean_FCFS,Mean_FCFS,Mean_FCFS,Mean_FCFS,Mean_RH,Mean_RH,Mean_RH,Mean_RH,Mean_RH,Mean_RH,Rank_Biserial_r,Rank_Biserial_r,Rank_Biserial_r,Rank_Biserial_r,Rank_Biserial_r,Rank_Biserial_r,p_adjusted_BH,p_adjusted_BH,p_adjusted_BH,p_adjusted_BH,p_adjusted_BH,p_adjusted_BH,p_value,p_value,p_value,p_value,p_value,p_value
Metric,Bundle Size,CTD Overage (min),Click-to-Door (min),Ready-to-Door (min),Ready-to-Pickup (min),SLA Compliance (≤40 min),Bundle Size,CTD Overage (min),Click-to-Door (min),Ready-to-Door (min),Ready-to-Pickup (min),SLA Compliance (≤40 min),Bundle Size,CTD Overage (min),Click-to-Door (min),Ready-to-Door (min),Ready-to-Pickup (min),SLA Compliance (≤40 min),Bundle Size,CTD Overage (min),Click-to-Door (min),Ready-to-Door (min),Ready-to-Pickup (min),SLA Compliance (≤40 min),Bundle Size,CTD Overage (min),Click-to-Door (min),Ready-to-Door (min),Ready-to-Pickup (min),SLA Compliance (≤40 min)
Scenario,,,,,,,,,,,,,,,,,,,,,,,,,,,,,,
S1 – Baja (18:1) (seed 2025),1.0,0.0,9.59,-2.49,0.082,1.0,2.789,2.252,32.06,19.98,14.994,0.769,0.7168,0.2312,0.9907,0.9779,0.9015,-0.2312,0.0,0.0,0.0,0.0,0.0,0.0,0.0,0.0,0.0,0.0,0.0,0.0
S1 – Baja (18:1) (seed 2026),1.0,0.0,10.458,-1.425,0.184,1.0,2.655,1.675,31.26,19.377,14.774,0.803,0.7035,0.1967,0.9849,0.9714,0.9074,-0.1967,0.0,0.0,0.0,0.0,0.0,0.0,0.0,0.0,0.0,0.0,0.0,0.0
S1 – Baja (18:1) (seed 2028),1.0,0.0,10.258,-1.683,0.125,1.0,2.822,2.929,33.056,21.115,16.013,0.751,0.7253,0.249,0.9877,0.9751,0.8936,-0.249,0.0,0.0,0.0,0.0,0.0,0.0,0.0,0.0,0.0,0.0,0.0,0.0
S1 – Baja (18:1) (seed 2029),1.0,0.0,10.591,-1.555,0.191,1.0,2.896,3.297,34.06,21.914,16.564,0.713,0.7302,0.2874,0.9841,0.9734,0.8952,-0.2874,0.0,0.0,0.0,0.0,0.0,0.0,0.0,0.0,0.0,0.0,0.0,0.0
S1 – Baja (18:1) (seed 2030),1.0,0.0,9.649,-2.261,0.122,1.0,2.665,2.089,31.571,19.66,15.092,0.777,0.6763,0.2232,0.9836,0.9762,0.9114,-0.2232,0.0,0.0,0.0,0.0,0.0,0.0,0.0,0.0,0.0,0.0,0.0,0.0
S1 – Baja (18:1) (seed 2031),1.0,0.0,10.244,-1.743,0.181,1.0,2.726,2.564,32.789,20.802,15.574,0.749,0.7217,0.251,0.9886,0.9762,0.8967,-0.251,0.0,0.0,0.0,0.0,0.0,0.0,0.0,0.0,0.0,0.0,0.0,0.0
S1 – Baja (18:1) (seed 2032),1.0,0.0,9.872,-2.07,0.13,1.0,2.669,2.13,31.489,19.547,14.9,0.761,0.702,0.2388,0.978,0.9631,0.8962,-0.2388,0.0,0.0,0.0,0.0,0.0,0.0,0.0,0.0,0.0,0.0,0.0,0.0
S2 – Moderada (26:1) (seed 2025),1.0,3.548,17.075,4.995,6.366,0.91,3.031,4.877,35.024,22.944,17.821,0.727,0.8064,0.1714,0.7909,0.7805,0.6735,-0.183,0.0,0.0,0.0,0.0,0.0,0.0,0.0,0.0,0.0,0.0,0.0,0.0
S2 – Moderada (26:1) (seed 2026),1.0,2.89,16.992,5.109,5.825,0.919,3.075,3.773,34.217,22.334,17.076,0.713,0.8321,0.1901,0.7763,0.7675,0.676,-0.2063,0.0,0.0,0.0,0.0,0.0,0.0,0.0,0.0,0.0,0.0,0.0,0.0
S2 – Moderada (26:1) (seed 2028),1.0,4.641,19.629,7.688,8.339,0.884,3.173,7.08,37.839,25.898,20.414,0.682,0.8271,0.1853,0.729,0.7181,0.6108,-0.2026,0.0,0.0,0.0,0.0,0.0,0.0,0.0,0.0,0.0,0.0,0.0,0.0
S2 – Moderada (26:1) (seed 2029),1.0,3.801,18.803,6.657,7.377,0.887,3.158,5.739,37.267,25.121,19.319,0.659,0.8368,0.2081,0.7442,0.7346,0.6224,-0.2278,0.0,0.0,0.0,0.0,0.0,0.0,0.0,0.0,0.0,0.0,0.0,0.0
S2 – Moderada (26:1) (seed 2030),1.0,1.747,14.678,2.767,4.217,0.936,3.01,4.387,34.791,22.881,17.689,0.698,0.8048,0.229,0.8224,0.8158,0.7088,-0.2386,0.0,0.0,0.0,0.0,0.0,0.0,0.0,0.0,0.0,0.0,0.0,0.0
S2 – Moderada (26:1) (seed 2031),1.0,1.505,14.843,2.856,3.864,0.943,3.148,7.843,39.234,27.247,21.371,0.661,0.834,0.2773,0.8403,0.8327,0.7244,-0.2824,0.0,0.0,0.0,0.0,0.0,0.0,0.0,0.0,0.0,0.0,0.0,0.0
S2 – Moderada (26:1) (seed 2032),1.0,1.781,14.731,2.789,4.106,0.936,3.084,4.927,35.481,23.539,18.374,0.687,0.8262,0.2415,0.828,0.8176,0.7221,-0.2493,0.0,0.0,0.0,0.0,0.0,0.0,0.0,0.0,0.0,0.0,0.0,0.0
S3 – Media (35:1) (seed 2025),1.0,17.908,36.066,23.986,24.367,0.767,3.323,10.713,41.763,29.683,23.84,0.641,0.8921,0.0712,0.514,0.5101,0.4082,-0.1262,0.0,0.000535,0.0,0.0,0.0,0.0,0.0,0.000506,0.0,0.0,0.0,0.0
S3 – Media (35:1) (seed 2026),1.0,19.035,37.619,25.736,25.624,0.763,3.378,10.571,42.113,30.23,24.209,0.627,0.9213,0.0802,0.5058,0.4987,0.3923,-0.1363,0.0,0.000108,0.0,0.0,0.0,0.0,0.0,0.0001,0.0,0.0,0.0,0.0
S3 – Media (35:1) (seed 2028),1.0,20.457,39.659,27.718,27.564,0.744,3.355,14.306,45.658,33.717,27.998,0.61,0.8953,0.076,0.4759,0.4612,0.3655,-0.1344,0.0,0.000391,0.0,0.0,0.0,0.0,0.0,0.000368,0.0,0.0,0.0,0.0
S3 – Media (35:1) (seed 2029),1.0,19.751,39.934,27.788,27.503,0.724,3.442,13.32,45.453,33.307,26.88,0.588,0.9306,0.0746,0.4496,0.4424,0.337,-0.1359,0.0,0.000592,0.0,0.0,0.0,0.0,0.0,0.000564,0.0,0.0,0.0,0.0
S3 – Media (35:1) (seed 2030),1.0,12.262,29.631,17.721,18.306,0.794,3.276,10.344,41.495,29.585,23.817,0.625,0.8899,0.1258,0.5649,0.5554,0.4457,-0.1691,0.0,0.0,0.0,0.0,0.0,0.0,0.0,0.0,0.0,0.0,0.0,0.0
S3 – Media (35:1) (seed 2031),1.0,14.771,32.9,20.913,21.07,0.774,3.348,15.769,48.08,36.094,29.89,0.575,0.915,0.1581,0.5666,0.5588,0.4556,-0.1994,0.0,0.0,0.0,0.0,0.0,0.0,0.0,0.0,0.0,0.0,0.0,0.0
S3 – Media (35:1) (seed 2032),1.0,16.458,34.739,22.797,22.927,0.771,3.265,12.837,44.164,32.223,26.773,0.607,0.8968,0.1153,0.5206,0.5096,0.4195,-0.1633,0.0,0.0,0.0,0.0,0.0,0.0,0.0,0.0,0.0,0.0,0.0,0.0
S4 – Alta (52:1) (seed 2025),1.0,52.649,76.13,63.998,63.17,0.608,3.599,27.567,59.935,47.873,41.615,0.552,0.955,-0.0331,0.2522,0.2482,0.1505,-0.0559,0.0,0.168318,0.0,0.0,0.0,0.013855,0.0,0.163309,0.0,0.0,0.0,0.013278
S4 – Alta (52:1) (seed 2026),1.0,57.947,80.646,68.784,67.941,0.621,3.642,34.973,68.236,56.365,49.997,0.48,0.9676,0.0337,0.2969,0.2869,0.1995,-0.141,0.0,0.168318,0.0,0.0,0.0,0.0,0.0,0.1628,0.0,0.0,0.0,0.0
S4 – Alta (52:1) (seed 2028),1.0,51.551,74.894,62.972,61.887,0.622,3.58,23.917,56.415,44.476,38.388,0.534,0.9452,-0.0179,0.2582,0.2507,0.1648,-0.088,0.0,0.461743,0.0,0.0,0.0,0.000126,0.0,0.456246,0.0,0.0,0.0,0.000118
S4 – Alta (52:1) (seed 2029),1.0,55.209,79.729,67.612,66.401,0.578,3.657,34.462,67.995,55.849,48.793,0.476,0.9707,-0.0081,0.2276,0.2219,0.1453,-0.102,0.0,0.742288,0.0,0.0,0.0,1e-05,0.0,0.742288,0.0,0.0,0.0,9e-06
S4 – Alta (52:1) (seed 2030),1.0,48.19,71.017,59.166,58.788,0.612,3.589,29.316,62.313,50.403,43.951,0.491,0.9652,0.015,0.2753,0.2691,0.173,-0.1216,0.0,0.532154,0.0,0.0,0.0,0.0,0.0,0.528986,0.0,0.0,0.0,0.0
S4 – Alta (52:1) (seed 2031),1.0,47.277,70.391,58.37,57.277,0.63,3.609,33.586,66.308,54.335,47.731,0.516,0.9684,0.0316,0.3052,0.299,0.2066,-0.1147,0.0,0.202502,0.0,0.0,0.0,1e-06,0.0,0.197681,0.0,0.0,0.0,1e-06
S4 – Alta (52:1) (seed 2032),1.0,51.582,75.094,63.194,62.409,0.609,3.5,23.104,55.618,43.671,37.731,0.513,0.9396,-0.022,0.2318,0.2223,0.1364,-0.096,0.0,0.355149,0.0,0.0,0.0,1.6e-05,0.0,0.348807,0.0,0.0,0.0,1.5e-05
