order_id,status,placement_time,ready_time,pickup_time,delivery_time,click_to_door,ready_to_pickup,bundle_size
0,ready,2025-07-03 11:00:00,2025-07-03 11:10:00,,,,,1
1,ready,2025-07-03 11:00:00,2025-07-03 11:09:00,,,,,1
2,delivered,2025-07-03 11:00:00,2025-07-03 11:11:00,2025-07-03 11:00:00,2025-07-03 11:05:26.700,5.444999999999999,-11.0,1
3,delivered,2025-07-03 11:00:00,2025-07-03 11:04:00,2025-07-03 11:00:00,2025-07-03 11:03:49.400,3.8233333333333333,-4.0,1
4,delivered,2025-07-03 11:00:00,2025-07-03 11:08:00,2025-07-03 11:00:00,2025-07-03 11:05:53.400,5.89,-8.0,1
5,ready,2025-07-03 11:00:00,2025-07-03 11:04:00,,,,,1
6,delivered,2025-07-03 11:00:00,2025-07-03 11:05:00,2025-07-03 11:00:00,2025-07-03 11:08:02.200,8.036666666666667,-5.0,1
7,ready,2025-07-03 11:00:00,2025-07-03 11:09:00,,,,,1
8,delivered,2025-07-03 11:00:00,2025-07-03 11:07:00,2025-07-03 11:00:00,2025-07-03 11:10:03.900,10.065,-7.0,1
9,ready,2025-07-03 11:00:00,2025-07-03 11:06:00,,,,,1
10,ready,2025-07-03 11:01:00,2025-07-03 11:06:00,,,,,1
11,ready,2025-07-03 11:01:00,2025-07-03 11:13:00,,,,,1
12,ready,2025-07-03 11:01:00,2025-07-03 11:07:00,,,,,1
13,ready,2025-07-03 11:01:00,2025-07-03 11:09:00,,,,,1
14,ready,2025-07-03 11:01:00,2025-07-03 11:07:00,,,,,1
15,ready,2025-07-03 11:01:00,2025-07-03 11:07:00,,,,,1
16,ready,2025-07-03 11:01:00,2025-07-03 11:06:00,,,,,1
17,ready,2025-07-03 11:01:00,2025-07-03 11:12:00,,,,,1
18,ready,2025-07-03 11:01:00,2025-07-03 11:10:00,,,,,1
19,ready,2025-07-03 11:01:00,2025-07-03 11:05:00,,,,,1
20,ready,2025-07-03 11:01:00,2025-07-03 11:07:00,,,,,1
21,delivered,2025-07-03 11:01:00,2025-07-03 11:10:00,2025-07-03 11:10:00,2025-07-03 11:16:25.400,15.423333333333334,0.0,1
22,ready,2025-07-03 11:01:00,2025-07-03 11:06:00,,,,,1
23,ready,2025-07-03 11:01:00,2025-07-03 11:11:00,,,,,1
24,ready,2025-07-03 11:01:00,2025-07-03 11:08:00,,,,,1
25,ready,2025-07-03 11:02:00,2025-07-03 11:07:00,,,,,1
26,ready,2025-07-03 11:02:00,2025-07-03 11:10:00,,,,,1
27,ready,2025-07-03 11:02:00,2025-07-03 11:12:00,,,,,1
28,ready,2025-07-03 11:02:00,2025-07-03 11:08:00,,,,,1
29,ready,2025-07-03 11:02:00,2025-07-03 11:08:00,,,,,1
30,ready,2025-07-03 11:03:00,2025-07-03 11:11:00,,,,,1
31,ready,2025-07-03 11:03:00,2025-07-03 11:07:00,,,,,1
32,delivered,2025-07-03 11:03:00,2025-07-03 11:14:00,2025-07-03 11:20:00,2025-07-03 11:37:52.600,34.876666666666665,6.0,1
33,ready,2025-07-03 11:03:00,2025-07-03 11:08:00,,,,,1
34,ready,2025-07-03 11:03:00,2025-07-03 11:11:00,,,,,1
35,ready,2025-07-03 11:03:00,2025-07-03 11:12:00,,,,,1
36,ready,2025-07-03 11:03:00,2025-07-03 11:11:00,,,,,1
37,ready,2025-07-03 11:03:00,2025-07-03 11:13:00,,,,,1
38,ready,2025-07-03 11:03:00,2025-07-03 11:11:00,,,,,1
39,ready,2025-07-03 11:04:00,2025-07-03 11:08:00,,,,,1
40,ready,2025-07-03 11:04:00,2025-07-03 11:11:00,,,,,1
41,ready,2025-07-03 11:04:00,2025-07-03 11:15:00,,,,,1
42,ready,2025-07-03 11:04:00,2025-07-03 11:10:00,,,,,1
43,ready,2025-07-03 11:04:00,2025-07-03 11:10:00,,,,,1
44,ready,2025-07-03 11:05:00,2025-07-03 11:09:00,,,,,1
45,ready,2025-07-03 11:05:00,2025-07-03 11:12:00,,,,,1
46,ready,2025-07-03 11:05:00,2025-07-03 11:10:00,,,,,1
47,ready,2025-07-03 11:05:00,2025-07-03 11:15:00,,,,,1
48,ready,2025-07-03 11:05:00,2025-07-03 11:09:00,,,,,1
49,ready,2025-07-03 11:05:00,2025-07-03 11:14:00,,,,,1
50,ready,2025-07-03 11:05:00,2025-07-03 11:15:00,,,,,1
51,ready,2025-07-03 11:05:00,2025-07-03 11:11:00,,,,,1
52,ready,2025-07-03 11:05:00,2025-07-03 11:13:00,,,,,1
53,ready,2025-07-03 11:05:00,2025-07-03 11:13:00,,,,,1
54,ready,2025-07-03 11:05:00,2025-07-03 11:12:00,,,,,1
55,ready,2025-07-03 11:05:00,2025-07-03 11:10:00,,,,,1
56,ready,2025-07-03 11:05:00,2025-07-03 11:10:00,,,,,1
57,delivered,2025-07-03 11:05:00,2025-07-03 11:15:00,2025-07-03 11:25:00,2025-07-03 11:37:45.000,32.75,10.0,1
58,delivered,2025-07-03 11:06:00,2025-07-03 11:14:00,2025-07-03 11:30:00,2025-07-03 11:38:26.600,32.443333333333335,16.0,1
59,ready,2025-07-03 11:06:00,2025-07-03 11:12:00,,,,,1
60,ready,2025-07-03 11:06:00,2025-07-03 11:12:00,,,,,1
61,delivered,2025-07-03 11:06:00,2025-07-03 11:13:00,2025-07-03 11:30:00,2025-07-03 11:43:42.700,37.711666666666666,17.0,1
62,ready,2025-07-03 11:06:00,2025-07-03 11:15:00,,,,,1
63,ready,2025-07-03 11:07:00,2025-07-03 11:18:00,,,,,1
64,ready,2025-07-03 11:07:00,2025-07-03 11:13:00,,,,,1
65,ready,2025-07-03 11:07:00,2025-07-03 11:15:00,,,,,1
66,ready,2025-07-03 11:07:00,2025-07-03 11:15:00,,,,,1
67,ready,2025-07-03 11:07:00,2025-07-03 11:13:00,,,,,1
68,ready,2025-07-03 11:07:00,2025-07-03 11:13:00,,,,,1
69,ready,2025-07-03 11:07:00,2025-07-03 11:13:00,,,,,1
70,ready,2025-07-03 11:07:00,2025-07-03 11:11:00,,,,,1
71,ready,2025-07-03 11:08:00,2025-07-03 11:18:00,,,,,1
72,ready,2025-07-03 11:08:00,2025-07-03 11:16:00,,,,,1
73,ready,2025-07-03 11:08:00,2025-07-03 11:13:00,,,,,1
74,ready,2025-07-03 11:08:00,2025-07-03 11:12:00,,,,,1
75,ready,2025-07-03 11:08:00,2025-07-03 11:14:00,,,,,1
76,ready,2025-07-03 11:09:00,2025-07-03 11:19:00,,,,,1
77,ready,2025-07-03 11:09:00,2025-07-03 11:16:00,,,,,1
78,ready,2025-07-03 11:09:00,2025-07-03 11:15:00,,,,,1
79,ready,2025-07-03 11:09:00,2025-07-03 11:15:00,,,,,1
80,ready,2025-07-03 11:09:00,2025-07-03 11:14:00,,,,,1
81,ready,2025-07-03 11:09:00,2025-07-03 11:19:00,,,,,1
82,delivered,2025-07-03 11:09:00,2025-07-03 11:16:00,2025-07-03 11:15:00,2025-07-03 11:23:59.300,14.988333333333333,-1.0,1
83,ready,2025-07-03 11:09:00,2025-07-03 11:16:00,,,,,1
84,ready,2025-07-03 11:09:00,2025-07-03 11:16:00,,,,,1
85,ready,2025-07-03 11:10:00,2025-07-03 11:22:00,,,,,1
86,ready,2025-07-03 11:10:00,2025-07-03 11:18:00,,,,,1
87,ready,2025-07-03 11:10:00,2025-07-03 11:16:00,,,,,1
88,ready,2025-07-03 11:10:00,2025-07-03 11:14:00,,,,,1
89,ready,2025-07-03 11:10:00,2025-07-03 11:16:00,,,,,1
90,ready,2025-07-03 11:10:00,2025-07-03 11:16:00,,,,,1
91,ready,2025-07-03 11:10:00,2025-07-03 11:20:00,,,,,1
92,ready,2025-07-03 11:10:00,2025-07-03 11:18:00,,,,,1
93,ready,2025-07-03 11:10:00,2025-07-03 11:15:00,,,,,1
94,ready,2025-07-03 11:10:00,2025-07-03 11:14:00,,,,,1
95,ready,2025-07-03 11:11:00,2025-07-03 11:21:00,,,,,1
96,ready,2025-07-03 11:11:00,2025-07-03 11:16:00,,,,,1
97,ready,2025-07-03 11:11:00,2025-07-03 11:22:00,,,,,1
98,ready,2025-07-03 11:11:00,2025-07-03 11:21:00,,,,,1
99,ready,2025-07-03 11:11:00,2025-07-03 11:21:00,,,,,1
100,ready,2025-07-03 11:12:00,2025-07-03 11:18:00,,,,,1
101,ready,2025-07-03 11:12:00,2025-07-03 11:20:00,,,,,1
102,ready,2025-07-03 11:12:00,2025-07-03 11:21:00,,,,,1
103,ready,2025-07-03 11:12:00,2025-07-03 11:23:00,,,,,1
104,ready,2025-07-03 11:12:00,2025-07-03 11:21:00,,,,,1
105,ready,2025-07-03 11:12:00,2025-07-03 11:17:00,,,,,1
106,delivered,2025-07-03 11:12:00,2025-07-03 11:22:00,2025-07-03 11:15:00,2025-07-03 11:24:15.600,12.26,-7.0,1
107,ready,2025-07-03 11:12:00,2025-07-03 11:21:00,,,,,1
108,ready,2025-07-03 11:12:00,2025-07-03 11:21:00,,,,,1
109,ready,2025-07-03 11:12:00,2025-07-03 11:21:00,,,,,1
110,ready,2025-07-03 11:12:00,2025-07-03 11:21:00,,,,,1
111,ready,2025-07-03 11:12:00,2025-07-03 11:18:00,,,,,1
112,ready,2025-07-03 11:12:00,2025-07-03 11:20:00,,,,,1
113,ready,2025-07-03 11:12:00,2025-07-03 11:22:00,,,,,1
114,ready,2025-07-03 11:13:00,2025-07-03 11:19:00,,,,,1
115,ready,2025-07-03 11:13:00,2025-07-03 11:19:00,,,,,1
116,ready,2025-07-03 11:13:00,2025-07-03 11:22:00,,,,,1
117,ready,2025-07-03 11:13:00,2025-07-03 11:22:00,,,,,1
118,ready,2025-07-03 11:13:00,2025-07-03 11:21:00,,,,,1
119,ready,2025-07-03 11:13:00,2025-07-03 11:25:00,,,,,1
120,ready,2025-07-03 11:13:00,2025-07-03 11:22:00,,,,,1
121,ready,2025-07-03 11:13:00,2025-07-03 11:18:00,,,,,1
122,ready,2025-07-03 11:14:00,2025-07-03 11:24:00,,,,,1
123,ready,2025-07-03 11:14:00,2025-07-03 11:20:00,,,,,1
124,ready,2025-07-03 11:14:00,2025-07-03 11:19:00,,,,,1
125,ready,2025-07-03 11:14:00,2025-07-03 11:24:00,,,,,1
126,ready,2025-07-03 11:14:00,2025-07-03 11:22:00,,,,,1
127,ready,2025-07-03 11:14:00,2025-07-03 11:19:00,,,,,1
128,ready,2025-07-03 11:14:00,2025-07-03 11:21:00,,,,,1
129,ready,2025-07-03 11:14:00,2025-07-03 11:24:00,,,,,1
130,ready,2025-07-03 11:15:00,2025-07-03 11:22:00,,,,,1
131,ready,2025-07-03 11:15:00,2025-07-03 11:22:00,,,,,1
132,ready,2025-07-03 11:15:00,2025-07-03 11:21:00,,,,,1
133,ready,2025-07-03 11:15:00,2025-07-03 11:19:00,,,,,1
134,delivered,2025-07-03 11:15:00,2025-07-03 11:25:00,2025-07-03 11:15:00,2025-07-03 11:23:32.300,8.538333333333332,-10.0,1
135,ready,2025-07-03 11:15:00,2025-07-03 11:22:00,,,,,1
136,ready,2025-07-03 11:15:00,2025-07-03 11:19:00,,,,,1
137,ready,2025-07-03 11:15:00,2025-07-03 11:19:00,,,,,1
138,ready,2025-07-03 11:15:00,2025-07-03 11:25:00,,,,,1
139,ready,2025-07-03 11:16:00,2025-07-03 11:24:00,,,,,1
140,ready,2025-07-03 11:16:00,2025-07-03 11:24:00,,,,,1
141,ready,2025-07-03 11:16:00,2025-07-03 11:23:00,,,,,1
142,ready,2025-07-03 11:16:00,2025-07-03 11:25:00,,,,,1
143,ready,2025-07-03 11:16:00,2025-07-03 11:23:00,,,,,1
144,ready,2025-07-03 11:16:00,2025-07-03 11:27:00,,,,,1
145,ready,2025-07-03 11:17:00,2025-07-03 11:21:00,,,,,1
146,ready,2025-07-03 11:17:00,2025-07-03 11:26:00,,,,,1
147,ready,2025-07-03 11:17:00,2025-07-03 11:24:00,,,,,1
148,ready,2025-07-03 11:17:00,2025-07-03 11:23:00,,,,,1
149,ready,2025-07-03 11:17:00,2025-07-03 11:23:00,,,,,1
150,ready,2025-07-03 11:17:00,2025-07-03 11:22:00,,,,,1
151,ready,2025-07-03 11:17:00,2025-07-03 11:25:00,,,,,1
152,ready,2025-07-03 11:17:00,2025-07-03 11:26:00,,,,,1
153,ready,2025-07-03 11:17:00,2025-07-03 11:23:00,,,,,1
154,ready,2025-07-03 11:18:00,2025-07-03 11:28:00,,,,,1
155,ready,2025-07-03 11:18:00,2025-07-03 11:25:00,,,,,1
156,ready,2025-07-03 11:18:00,2025-07-03 11:27:00,,,,,1
157,ready,2025-07-03 11:18:00,2025-07-03 11:24:00,,,,,1
158,ready,2025-07-03 11:18:00,2025-07-03 11:26:00,,,,,1
159,ready,2025-07-03 11:18:00,2025-07-03 11:27:00,,,,,1
160,ready,2025-07-03 11:18:00,2025-07-03 11:24:00,,,,,1
161,ready,2025-07-03 11:19:00,2025-07-03 11:29:00,,,,,1
162,ready,2025-07-03 11:19:00,2025-07-03 11:24:00,,,,,1
163,ready,2025-07-03 11:19:00,2025-07-03 11:26:00,,,,,1
164,ready,2025-07-03 11:19:00,2025-07-03 11:28:00,,,,,1
165,ready,2025-07-03 11:19:00,2025-07-03 11:29:00,,,,,1
166,ready,2025-07-03 11:19:00,2025-07-03 11:30:00,,,,,1
167,ready,2025-07-03 11:19:00,2025-07-03 11:27:00,,,,,1
168,ready,2025-07-03 11:19:00,2025-07-03 11:28:00,,,,,1
169,ready,2025-07-03 11:20:00,2025-07-03 11:28:00,,,,,1
170,ready,2025-07-03 11:20:00,2025-07-03 11:26:00,,,,,1
171,ready,2025-07-03 11:20:00,2025-07-03 11:27:00,,,,,1
172,ready,2025-07-03 11:20:00,2025-07-03 11:29:00,,,,,1
173,ready,2025-07-03 11:20:00,2025-07-03 11:29:00,,,,,1
174,ready,2025-07-03 11:21:00,2025-07-03 11:28:00,,,,,1
175,ready,2025-07-03 11:21:00,2025-07-03 11:29:00,,,,,1
176,ready,2025-07-03 11:21:00,2025-07-03 11:27:00,,,,,1
177,ready,2025-07-03 11:21:00,2025-07-03 11:26:00,,,,,1
178,ready,2025-07-03 11:21:00,2025-07-03 11:29:00,,,,,1
179,ready,2025-07-03 11:21:00,2025-07-03 11:33:00,,,,,1
180,ready,2025-07-03 11:21:00,2025-07-03 11:30:00,,,,,1
181,ready,2025-07-03 11:21:00,2025-07-03 11:29:00,,,,,1
182,ready,2025-07-03 11:21:00,2025-07-03 11:28:00,,,,,1
183,ready,2025-07-03 11:21:00,2025-07-03 11:26:00,,,,,1
184,ready,2025-07-03 11:22:00,2025-07-03 11:30:00,,,,,1
185,ready,2025-07-03 11:22:00,2025-07-03 11:30:00,,,,,1
186,ready,2025-07-03 11:22:00,2025-07-03 11:26:00,,,,,1
187,ready,2025-07-03 11:22:00,2025-07-03 11:30:00,,,,,1
188,ready,2025-07-03 11:22:00,2025-07-03 11:31:00,,,,,1
189,ready,2025-07-03 11:22:00,2025-07-03 11:27:00,,,,,1
190,ready,2025-07-03 11:22:00,2025-07-03 11:32:00,,,,,1
191,ready,2025-07-03 11:22:00,2025-07-03 11:26:00,,,,,1
192,ready,2025-07-03 11:22:00,2025-07-03 11:26:00,,,,,1
193,ready,2025-07-03 11:22:00,2025-07-03 11:30:00,,,,,1
194,ready,2025-07-03 11:22:00,2025-07-03 11:33:00,,,,,1
195,ready,2025-07-03 11:23:00,2025-07-03 11:32:00,,,,,1
196,ready,2025-07-03 11:23:00,2025-07-03 11:33:00,,,,,1
197,ready,2025-07-03 11:23:00,2025-07-03 11:28:00,,,,,1
198,ready,2025-07-03 11:23:00,2025-07-03 11:33:00,,,,,1
199,ready,2025-07-03 11:23:00,2025-07-03 11:28:00,,,,,1
200,ready,2025-07-03 11:23:00,2025-07-03 11:33:00,,,,,1
201,ready,2025-07-03 11:23:00,2025-07-03 11:29:00,,,,,1
202,ready,2025-07-03 11:23:00,2025-07-03 11:29:00,,,,,1
203,ready,2025-07-03 11:23:00,2025-07-03 11:31:00,,,,,1
204,ready,2025-07-03 11:24:00,2025-07-03 11:31:00,,,,,1
205,ready,2025-07-03 11:24:00,2025-07-03 11:28:00,,,,,1
206,ready,2025-07-03 11:24:00,2025-07-03 11:30:00,,,,,1
207,ready,2025-07-03 11:24:00,2025-07-03 11:30:00,,,,,1
208,ready,2025-07-03 11:24:00,2025-07-03 11:33:00,,,,,1
209,ready,2025-07-03 11:24:00,2025-07-03 11:31:00,,,,,1
210,ready,2025-07-03 11:24:00,2025-07-03 11:33:00,,,,,1
211,ready,2025-07-03 11:24:00,2025-07-03 11:34:00,,,,,1
212,ready,2025-07-03 11:25:00,2025-07-03 11:29:00,,,,,1
213,ready,2025-07-03 11:25:00,2025-07-03 11:35:00,,,,,1
214,ready,2025-07-03 11:25:00,2025-07-03 11:32:00,,,,,1
215,ready,2025-07-03 11:25:00,2025-07-03 11:32:00,,,,,1
216,ready,2025-07-03 11:25:00,2025-07-03 11:32:00,,,,,1
217,ready,2025-07-03 11:25:00,2025-07-03 11:32:00,,,,,1
218,ready,2025-07-03 11:26:00,2025-07-03 11:32:00,,,,,1
219,ready,2025-07-03 11:26:00,2025-07-03 11:38:00,,,,,1
220,ready,2025-07-03 11:26:00,2025-07-03 11:34:00,,,,,1
221,ready,2025-07-03 11:26:00,2025-07-03 11:35:00,,,,,1
222,ready,2025-07-03 11:26:00,2025-07-03 11:34:00,,,,,1
223,ready,2025-07-03 11:26:00,2025-07-03 11:30:00,,,,,1
224,ready,2025-07-03 11:26:00,2025-07-03 11:35:00,,,,,1
225,ready,2025-07-03 11:26:00,2025-07-03 11:36:00,,,,,1
226,ready,2025-07-03 11:27:00,2025-07-03 11:34:00,,,,,1
227,ready,2025-07-03 11:27:00,2025-07-03 11:37:00,,,,,1
228,ready,2025-07-03 11:27:00,2025-07-03 11:35:00,,,,,1
229,ready,2025-07-03 11:27:00,2025-07-03 11:35:00,,,,,1
230,ready,2025-07-03 11:27:00,2025-07-03 11:34:00,,,,,1
231,ready,2025-07-03 11:27:00,2025-07-03 11:34:00,,,,,1
232,ready,2025-07-03 11:27:00,2025-07-03 11:35:00,,,,,1
233,ready,2025-07-03 11:27:00,2025-07-03 11:35:00,,,,,1
234,ready,2025-07-03 11:28:00,2025-07-03 11:32:00,,,,,1
235,ready,2025-07-03 11:28:00,2025-07-03 11:37:00,,,,,1
236,ready,2025-07-03 11:28:00,2025-07-03 11:35:00,,,,,1
237,ready,2025-07-03 11:28:00,2025-07-03 11:34:00,,,,,1
238,ready,2025-07-03 11:28:00,2025-07-03 11:36:00,,,,,1
239,ready,2025-07-03 11:28:00,2025-07-03 11:32:00,,,,,1
240,ready,2025-07-03 11:28:00,2025-07-03 11:38:00,,,,,1
241,ready,2025-07-03 11:28:00,2025-07-03 11:39:00,,,,,1
242,ready,2025-07-03 11:29:00,2025-07-03 11:39:00,,,,,1
243,ready,2025-07-03 11:29:00,2025-07-03 11:39:00,,,,,1
244,ready,2025-07-03 11:29:00,2025-07-03 11:37:00,,,,,1
245,ready,2025-07-03 11:29:00,2025-07-03 11:35:00,,,,,1
246,ready,2025-07-03 11:29:00,2025-07-03 11:35:00,,,,,1
247,ready,2025-07-03 11:29:00,2025-07-03 11:37:00,,,,,1
248,ready,2025-07-03 11:29:00,2025-07-03 11:37:00,,,,,1
249,ready,2025-07-03 11:29:00,2025-07-03 11:35:00,,,,,1
250,ready,2025-07-03 11:29:00,2025-07-03 11:37:00,,,,,1
251,ready,2025-07-03 11:29:00,2025-07-03 11:37:00,,,,,1
252,ready,2025-07-03 11:29:00,2025-07-03 11:38:00,,,,,1
253,ready,2025-07-03 11:30:00,2025-07-03 11:39:00,,,,,1
254,ready,2025-07-03 11:30:00,2025-07-03 11:35:00,,,,,1
255,delivered,2025-07-03 11:30:00,2025-07-03 11:34:00,2025-07-03 11:30:00,2025-07-03 11:36:33.600,6.5600000000000005,-4.0,1
256,ready,2025-07-03 11:30:00,2025-07-03 11:41:00,,,,,1
257,ready,2025-07-03 11:30:00,2025-07-03 11:38:00,,,,,1
258,ready,2025-07-03 11:30:00,2025-07-03 11:38:00,,,,,1
259,ready,2025-07-03 11:31:00,2025-07-03 11:37:00,,,,,1
260,ready,2025-07-03 11:31:00,2025-07-03 11:38:00,,,,,1
261,ready,2025-07-03 11:31:00,2025-07-03 11:35:00,,,,,1
262,ready,2025-07-03 11:31:00,2025-07-03 11:40:00,,,,,1
263,ready,2025-07-03 11:31:00,2025-07-03 11:36:00,,,,,1
264,ready,2025-07-03 11:31:00,2025-07-03 11:39:00,,,,,1
265,ready,2025-07-03 11:31:00,2025-07-03 11:37:00,,,,,1
266,ready,2025-07-03 11:31:00,2025-07-03 11:38:00,,,,,1
267,ready,2025-07-03 11:31:00,2025-07-03 11:41:00,,,,,1
268,ready,2025-07-03 11:32:00,2025-07-03 11:40:00,,,,,1
269,ready,2025-07-03 11:32:00,2025-07-03 11:40:00,,,,,1
270,ready,2025-07-03 11:33:00,2025-07-03 11:39:00,,,,,1
271,ready,2025-07-03 11:33:00,2025-07-03 11:40:00,,,,,1
272,ready,2025-07-03 11:33:00,2025-07-03 11:41:00,,,,,1
273,delivered,2025-07-03 11:33:00,2025-07-03 11:38:00,2025-07-03 11:45:00,2025-07-03 11:52:29.000,19.483333333333334,7.0,1
274,ready,2025-07-03 11:33:00,2025-07-03 11:38:00,,,,,1
275,ready,2025-07-03 11:33:00,2025-07-03 11:39:00,,,,,1
276,ready,2025-07-03 11:33:00,2025-07-03 11:39:00,,,,,1
277,ready,2025-07-03 11:34:00,2025-07-03 11:41:00,,,,,1
278,ready,2025-07-03 11:34:00,2025-07-03 11:40:00,,,,,1
279,ready,2025-07-03 11:34:00,2025-07-03 11:43:00,,,,,1
280,ready,2025-07-03 11:34:00,2025-07-03 11:41:00,,,,,1
281,ready,2025-07-03 11:34:00,2025-07-03 11:43:00,,,,,1
282,ready,2025-07-03 11:34:00,2025-07-03 11:39:00,,,,,1
283,ready,2025-07-03 11:34:00,2025-07-03 11:42:00,,,,,1
284,ready,2025-07-03 11:34:00,2025-07-03 11:41:00,,,,,1
285,ready,2025-07-03 11:34:00,2025-07-03 11:40:00,,,,,1
286,ready,2025-07-03 11:34:00,2025-07-03 11:40:00,,,,,1
287,ready,2025-07-03 11:35:00,2025-07-03 11:41:00,,,,,1
288,delivered,2025-07-03 11:35:00,2025-07-03 11:41:00,2025-07-03 11:45:00,2025-07-03 11:56:39.700,21.66166666666667,4.0,1
289,ready,2025-07-03 11:35:00,2025-07-03 11:43:00,,,,,1
290,ready,2025-07-03 11:35:00,2025-07-03 11:40:00,,,,,1
291,ready,2025-07-03 11:35:00,2025-07-03 11:42:00,,,,,1
292,ready,2025-07-03 11:35:00,2025-07-03 11:39:00,,,,,1
293,ready,2025-07-03 11:35:00,2025-07-03 11:44:00,,,,,1
294,ready,2025-07-03 11:35:00,2025-07-03 11:44:00,,,,,1
295,ready,2025-07-03 11:35:00,2025-07-03 11:42:00,,,,,1
296,ready,2025-07-03 11:36:00,2025-07-03 11:44:00,,,,,1
297,ready,2025-07-03 11:36:00,2025-07-03 11:40:00,,,,,1
298,ready,2025-07-03 11:36:00,2025-07-03 11:45:00,,,,,1
299,ready,2025-07-03 11:36:00,2025-07-03 11:45:00,,,,,1
300,ready,2025-07-03 11:36:00,2025-07-03 11:45:00,,,,,1
301,ready,2025-07-03 11:36:00,2025-07-03 11:46:00,,,,,1
302,ready,2025-07-03 11:36:00,2025-07-03 11:42:00,,,,,1
303,ready,2025-07-03 11:36:00,2025-07-03 11:43:00,,,,,1
304,ready,2025-07-03 11:36:00,2025-07-03 11:45:00,,,,,1
305,ready,2025-07-03 11:36:00,2025-07-03 11:44:00,,,,,1
306,ready,2025-07-03 11:36:00,2025-07-03 11:43:00,,,,,1
307,ready,2025-07-03 11:37:00,2025-07-03 11:43:00,,,,,1
308,ready,2025-07-03 11:37:00,2025-07-03 11:47:00,,,,,1
309,ready,2025-07-03 11:37:00,2025-07-03 11:46:00,,,,,1
310,ready,2025-07-03 11:37:00,2025-07-03 11:42:00,,,,,1
311,ready,2025-07-03 11:37:00,2025-07-03 11:43:00,,,,,1
312,ready,2025-07-03 11:37:00,2025-07-03 11:47:00,,,,,1
313,ready,2025-07-03 11:37:00,2025-07-03 11:45:00,,,,,1
314,ready,2025-07-03 11:37:00,2025-07-03 11:42:00,,,,,1
315,ready,2025-07-03 11:37:00,2025-07-03 11:42:00,,,,,1
316,ready,2025-07-03 11:37:00,2025-07-03 11:46:00,,,,,1
317,ready,2025-07-03 11:37:00,2025-07-03 11:46:00,,,,,1
318,ready,2025-07-03 11:38:00,2025-07-03 11:44:00,,,,,1
319,ready,2025-07-03 11:38:00,2025-07-03 11:45:00,,,,,1
320,ready,2025-07-03 11:38:00,2025-07-03 11:42:00,,,,,1
321,ready,2025-07-03 11:38:00,2025-07-03 11:42:00,,,,,1
322,ready,2025-07-03 11:39:00,2025-07-03 11:44:00,,,,,1
323,ready,2025-07-03 11:39:00,2025-07-03 11:48:00,,,,,1
324,delivered,2025-07-03 11:39:00,2025-07-03 11:46:00,2025-07-03 11:45:00,2025-07-03 12:00:30.400,21.506666666666668,-1.0,1
325,ready,2025-07-03 11:39:00,2025-07-03 11:46:00,,,,,1
326,ready,2025-07-03 11:39:00,2025-07-03 11:46:00,,,,,1
327,ready,2025-07-03 11:39:00,2025-07-03 11:43:00,,,,,1
328,ready,2025-07-03 11:39:00,2025-07-03 11:43:00,,,,,1
329,ready,2025-07-03 11:39:00,2025-07-03 11:46:00,,,,,1
330,ready,2025-07-03 11:39:00,2025-07-03 11:46:00,,,,,1
331,ready,2025-07-03 11:39:00,2025-07-03 11:43:00,,,,,1
332,ready,2025-07-03 11:39:00,2025-07-03 11:44:00,,,,,1
333,delivered,2025-07-03 11:40:00,2025-07-03 11:46:00,2025-07-03 11:45:00,2025-07-03 12:44:07.600,64.12666666666667,-1.0,1
334,ready,2025-07-03 11:40:00,2025-07-03 11:48:00,,,,,1
335,ready,2025-07-03 11:40:00,2025-07-03 11:44:00,,,,,1
336,ready,2025-07-03 11:40:00,2025-07-03 11:45:00,,,,,1
337,ready,2025-07-03 11:40:00,2025-07-03 11:47:00,,,,,1
338,ready,2025-07-03 11:40:00,2025-07-03 11:44:00,,,,,1
339,ready,2025-07-03 11:40:00,2025-07-03 11:48:00,,,,,1
340,ready,2025-07-03 11:40:00,2025-07-03 11:46:00,,,,,1
341,ready,2025-07-03 11:40:00,2025-07-03 11:50:00,,,,,1
342,delivered,2025-07-03 11:40:00,2025-07-03 11:49:00,2025-07-03 11:50:00,2025-07-03 12:01:02.800,21.046666666666667,1.0,1
343,ready,2025-07-03 11:41:00,2025-07-03 11:46:00,,,,,1
344,ready,2025-07-03 11:41:00,2025-07-03 11:51:00,,,,,1
345,ready,2025-07-03 11:41:00,2025-07-03 11:48:00,,,,,1
346,ready,2025-07-03 11:41:00,2025-07-03 11:49:00,,,,,1
347,ready,2025-07-03 11:41:00,2025-07-03 11:48:00,,,,,1
348,ready,2025-07-03 11:41:00,2025-07-03 11:46:00,,,,,1
349,ready,2025-07-03 11:41:00,2025-07-03 11:48:00,,,,,1
350,ready,2025-07-03 11:41:00,2025-07-03 11:51:00,,,,,1
351,ready,2025-07-03 11:41:00,2025-07-03 11:49:00,,,,,1
352,ready,2025-07-03 11:41:00,2025-07-03 11:53:00,,,,,1
353,ready,2025-07-03 11:42:00,2025-07-03 11:49:00,,,,,1
354,ready,2025-07-03 11:42:00,2025-07-03 11:49:00,,,,,1
355,ready,2025-07-03 11:42:00,2025-07-03 11:50:00,,,,,1
356,ready,2025-07-03 11:42:00,2025-07-03 11:51:00,,,,,1
357,ready,2025-07-03 11:42:00,2025-07-03 11:51:00,,,,,1
358,ready,2025-07-03 11:42:00,2025-07-03 11:46:00,,,,,1
359,ready,2025-07-03 11:42:00,2025-07-03 11:51:00,,,,,1
360,ready,2025-07-03 11:42:00,2025-07-03 11:46:00,,,,,1
361,ready,2025-07-03 11:42:00,2025-07-03 11:49:00,,,,,1
362,ready,2025-07-03 11:42:00,2025-07-03 11:51:00,,,,,1
363,ready,2025-07-03 11:42:00,2025-07-03 11:48:00,,,,,1
364,ready,2025-07-03 11:42:00,2025-07-03 11:50:00,,,,,1
365,ready,2025-07-03 11:43:00,2025-07-03 11:47:00,,,,,1
366,ready,2025-07-03 11:43:00,2025-07-03 11:49:00,,,,,1
367,ready,2025-07-03 11:43:00,2025-07-03 11:47:00,,,,,1
368,ready,2025-07-03 11:43:00,2025-07-03 11:53:00,,,,,1
369,ready,2025-07-03 11:43:00,2025-07-03 11:51:00,,,,,1
370,ready,2025-07-03 11:43:00,2025-07-03 11:51:00,,,,,1
371,ready,2025-07-03 11:43:00,2025-07-03 11:52:00,,,,,1
372,ready,2025-07-03 11:43:00,2025-07-03 11:52:00,,,,,1
373,ready,2025-07-03 11:43:00,2025-07-03 11:51:00,,,,,1
374,ready,2025-07-03 11:44:00,2025-07-03 11:52:00,,,,,1
375,ready,2025-07-03 11:44:00,2025-07-03 11:51:00,,,,,1
376,delivered,2025-07-03 11:44:00,2025-07-03 11:49:00,2025-07-03 12:00:00,2025-07-03 12:08:38.600,24.64333333333333,11.0,1
377,ready,2025-07-03 11:44:00,2025-07-03 11:49:00,,,,,1
378,ready,2025-07-03 11:44:00,2025-07-03 11:51:00,,,,,1
379,ready,2025-07-03 11:44:00,2025-07-03 11:51:00,,,,,1
380,ready,2025-07-03 11:44:00,2025-07-03 11:52:00,,,,,1
381,ready,2025-07-03 11:44:00,2025-07-03 11:56:00,,,,,1
382,ready,2025-07-03 11:44:00,2025-07-03 11:50:00,,,,,1
383,ready,2025-07-03 11:44:00,2025-07-03 11:52:00,,,,,1
384,ready,2025-07-03 11:44:00,2025-07-03 11:54:00,,,,,1
385,ready,2025-07-03 11:44:00,2025-07-03 11:50:00,,,,,1
386,ready,2025-07-03 11:44:00,2025-07-03 11:50:00,,,,,1
387,ready,2025-07-03 11:44:00,2025-07-03 11:51:00,,,,,1
388,ready,2025-07-03 11:44:00,2025-07-03 11:54:00,,,,,1
389,ready,2025-07-03 11:44:00,2025-07-03 11:52:00,,,,,1
390,ready,2025-07-03 11:45:00,2025-07-03 11:54:00,,,,,1
391,ready,2025-07-03 11:45:00,2025-07-03 11:53:00,,,,,1
392,ready,2025-07-03 11:45:00,2025-07-03 11:52:00,,,,,1
393,ready,2025-07-03 11:45:00,2025-07-03 11:54:00,,,,,1
394,ready,2025-07-03 11:45:00,2025-07-03 11:51:00,,,,,1
395,ready,2025-07-03 11:45:00,2025-07-03 11:50:00,,,,,1
396,ready,2025-07-03 11:46:00,2025-07-03 11:54:00,,,,,1
397,ready,2025-07-03 11:46:00,2025-07-03 11:54:00,,,,,1
398,ready,2025-07-03 11:46:00,2025-07-03 11:56:00,,,,,1
399,ready,2025-07-03 11:46:00,2025-07-03 11:55:00,,,,,1
400,ready,2025-07-03 11:46:00,2025-07-03 11:52:00,,,,,1
401,ready,2025-07-03 11:46:00,2025-07-03 11:52:00,,,,,1
402,ready,2025-07-03 11:46:00,2025-07-03 11:54:00,,,,,1
403,ready,2025-07-03 11:46:00,2025-07-03 11:51:00,,,,,1
404,ready,2025-07-03 11:46:00,2025-07-03 11:55:00,,,,,1
405,ready,2025-07-03 11:46:00,2025-07-03 11:56:00,,,,,1
406,ready,2025-07-03 11:47:00,2025-07-03 11:54:00,,,,,1
407,ready,2025-07-03 11:47:00,2025-07-03 11:56:00,,,,,1
408,delivered,2025-07-03 11:47:00,2025-07-03 11:53:00,2025-07-03 12:05:00,2025-07-03 12:16:00.900,29.015,12.0,1
409,ready,2025-07-03 11:47:00,2025-07-03 11:56:00,,,,,1
410,ready,2025-07-03 11:47:00,2025-07-03 11:52:00,,,,,1
411,ready,2025-07-03 11:47:00,2025-07-03 11:56:00,,,,,1
412,ready,2025-07-03 11:47:00,2025-07-03 11:54:00,,,,,1
413,ready,2025-07-03 11:47:00,2025-07-03 11:51:00,,,,,1
414,ready,2025-07-03 11:48:00,2025-07-03 11:56:00,,,,,1
415,ready,2025-07-03 11:48:00,2025-07-03 11:54:00,,,,,1
416,ready,2025-07-03 11:48:00,2025-07-03 11:55:00,,,,,1
417,delivered,2025-07-03 11:48:00,2025-07-03 11:55:00,2025-07-03 12:10:00,2025-07-03 12:17:22.900,29.381666666666668,15.0,1
418,ready,2025-07-03 11:48:00,2025-07-03 11:55:00,,,,,1
419,ready,2025-07-03 11:48:00,2025-07-03 11:58:00,,,,,1
420,ready,2025-07-03 11:48:00,2025-07-03 11:59:00,,,,,1
421,ready,2025-07-03 11:48:00,2025-07-03 11:54:00,,,,,1
422,ready,2025-07-03 11:48:00,2025-07-03 11:53:00,,,,,1
423,ready,2025-07-03 11:48:00,2025-07-03 11:55:00,,,,,1
424,ready,2025-07-03 11:49:00,2025-07-03 12:00:00,,,,,1
425,ready,2025-07-03 11:49:00,2025-07-03 11:59:00,,,,,1
426,ready,2025-07-03 11:49:00,2025-07-03 11:53:00,,,,,1
427,ready,2025-07-03 11:49:00,2025-07-03 11:58:00,,,,,1
428,ready,2025-07-03 11:50:00,2025-07-03 11:59:00,,,,,1
429,ready,2025-07-03 11:50:00,2025-07-03 11:54:00,,,,,1
430,ready,2025-07-03 11:50:00,2025-07-03 11:58:00,,,,,1
431,ready,2025-07-03 11:50:00,2025-07-03 11:59:00,,,,,1
432,ready,2025-07-03 11:50:00,2025-07-03 11:56:00,,,,,1
433,ready,2025-07-03 11:50:00,2025-07-03 11:56:00,,,,,1
434,ready,2025-07-03 11:50:00,2025-07-03 11:58:00,,,,,1
435,ready,2025-07-03 11:50:00,2025-07-03 11:57:00,,,,,1
436,ready,2025-07-03 11:50:00,2025-07-03 11:58:00,,,,,1
437,ready,2025-07-03 11:50:00,2025-07-03 11:59:00,,,,,1
438,ready,2025-07-03 11:50:00,2025-07-03 11:57:00,,,,,1
439,ready,2025-07-03 11:50:00,2025-07-03 12:02:00,,,,,1
440,ready,2025-07-03 11:51:00,2025-07-03 12:00:00,,,,,1
441,ready,2025-07-03 11:51:00,2025-07-03 12:00:00,,,,,1
442,ready,2025-07-03 11:51:00,2025-07-03 11:57:00,,,,,1
443,ready,2025-07-03 11:51:00,2025-07-03 11:56:00,,,,,1
444,ready,2025-07-03 11:51:00,2025-07-03 12:01:00,,,,,1
445,ready,2025-07-03 11:51:00,2025-07-03 11:58:00,,,,,1
446,ready,2025-07-03 11:51:00,2025-07-03 11:59:00,,,,,1
447,ready,2025-07-03 11:51:00,2025-07-03 11:58:00,,,,,1
448,ready,2025-07-03 11:52:00,2025-07-03 12:00:00,,,,,1
449,ready,2025-07-03 11:52:00,2025-07-03 12:01:00,,,,,1
450,ready,2025-07-03 11:52:00,2025-07-03 11:56:00,,,,,1
451,delivered,2025-07-03 11:52:00,2025-07-03 11:58:00,2025-07-03 12:10:00,2025-07-03 12:26:11.100,34.184999999999995,12.0,1
452,ready,2025-07-03 11:52:00,2025-07-03 11:58:00,,,,,1
453,ready,2025-07-03 11:52:00,2025-07-03 11:57:00,,,,,1
454,ready,2025-07-03 11:52:00,2025-07-03 12:03:00,,,,,1
455,ready,2025-07-03 11:52:00,2025-07-03 12:00:00,,,,,1
456,ready,2025-07-03 11:52:00,2025-07-03 11:59:00,,,,,1
457,ready,2025-07-03 11:52:00,2025-07-03 12:01:00,,,,,1
458,ready,2025-07-03 11:53:00,2025-07-03 12:00:00,,,,,1
459,ready,2025-07-03 11:53:00,2025-07-03 12:00:00,,,,,1
460,ready,2025-07-03 11:53:00,2025-07-03 12:02:00,,,,,1
461,ready,2025-07-03 11:53:00,2025-07-03 11:58:00,,,,,1
462,ready,2025-07-03 11:53:00,2025-07-03 12:00:00,,,,,1
463,ready,2025-07-03 11:53:00,2025-07-03 12:03:00,,,,,1
464,ready,2025-07-03 11:53:00,2025-07-03 12:04:00,,,,,1
465,ready,2025-07-03 11:54:00,2025-07-03 12:00:00,,,,,1
466,ready,2025-07-03 11:54:00,2025-07-03 12:00:00,,,,,1
467,ready,2025-07-03 11:54:00,2025-07-03 12:01:00,,,,,1
468,ready,2025-07-03 11:54:00,2025-07-03 12:04:00,,,,,1
469,ready,2025-07-03 11:54:00,2025-07-03 12:02:00,,,,,1
470,ready,2025-07-03 11:54:00,2025-07-03 12:02:00,,,,,1
471,ready,2025-07-03 11:54:00,2025-07-03 12:02:00,,,,,1
472,ready,2025-07-03 11:54:00,2025-07-03 12:00:00,,,,,1
473,ready,2025-07-03 11:54:00,2025-07-03 12:02:00,,,,,1
474,ready,2025-07-03 11:54:00,2025-07-03 12:01:00,,,,,1
475,ready,2025-07-03 11:55:00,2025-07-03 12:00:00,,,,,1
476,ready,2025-07-03 11:55:00,2025-07-03 12:03:00,,,,,1
477,ready,2025-07-03 11:55:00,2025-07-03 11:59:00,,,,,1
478,ready,2025-07-03 11:55:00,2025-07-03 12:04:00,,,,,1
479,ready,2025-07-03 11:55:00,2025-07-03 12:02:00,,,,,1
480,ready,2025-07-03 11:55:00,2025-07-03 12:01:00,,,,,1
481,ready,2025-07-03 11:55:00,2025-07-03 12:01:00,,,,,1
482,ready,2025-07-03 11:55:00,2025-07-03 12:01:00,,,,,1
483,ready,2025-07-03 11:56:00,2025-07-03 12:04:00,,,,,1
484,ready,2025-07-03 11:56:00,2025-07-03 12:03:00,,,,,1
485,ready,2025-07-03 11:56:00,2025-07-03 12:01:00,,,,,1
486,ready,2025-07-03 11:56:00,2025-07-03 12:03:00,,,,,1
487,ready,2025-07-03 11:56:00,2025-07-03 12:03:00,,,,,1
488,ready,2025-07-03 11:56:00,2025-07-03 12:03:00,,,,,1
489,ready,2025-07-03 11:56:00,2025-07-03 12:01:00,,,,,1
490,ready,2025-07-03 11:56:00,2025-07-03 12:05:00,,,,,1
491,ready,2025-07-03 11:56:00,2025-07-03 12:01:00,,,,,1
492,ready,2025-07-03 11:56:00,2025-07-03 12:04:00,,,,,1
493,ready,2025-07-03 11:56:00,2025-07-03 12:06:00,,,,,1
494,ready,2025-07-03 11:56:00,2025-07-03 12:05:00,,,,,1
495,ready,2025-07-03 11:56:00,2025-07-03 12:05:00,,,,,1
496,ready,2025-07-03 11:56:00,2025-07-03 12:05:00,,,,,1
497,ready,2025-07-03 11:57:00,2025-07-03 12:06:00,,,,,1
498,ready,2025-07-03 11:57:00,2025-07-03 12:07:00,,,,,1
499,ready,2025-07-03 11:57:00,2025-07-03 12:02:00,,,,,1
500,ready,2025-07-03 11:57:00,2025-07-03 12:04:00,,,,,1
501,ready,2025-07-03 11:58:00,2025-07-03 12:05:00,,,,,1
502,ready,2025-07-03 11:58:00,2025-07-03 12:07:00,,,,,1
503,ready,2025-07-03 11:58:00,2025-07-03 12:06:00,,,,,1
504,ready,2025-07-03 11:58:00,2025-07-03 12:04:00,,,,,1
505,ready,2025-07-03 11:58:00,2025-07-03 12:06:00,,,,,1
506,ready,2025-07-03 11:58:00,2025-07-03 12:05:00,,,,,1
507,ready,2025-07-03 11:58:00,2025-07-03 12:07:00,,,,,1
508,ready,2025-07-03 11:58:00,2025-07-03 12:07:00,,,,,1
509,ready,2025-07-03 11:59:00,2025-07-03 12:05:00,,,,,1
510,ready,2025-07-03 11:59:00,2025-07-03 12:05:00,,,,,1
511,ready,2025-07-03 11:59:00,2025-07-03 12:06:00,,,,,1
512,ready,2025-07-03 11:59:00,2025-07-03 12:04:00,,,,,1
513,ready,2025-07-03 12:00:00,2025-07-03 12:09:00,,,,,1
514,ready,2025-07-03 12:00:00,2025-07-03 12:08:00,,,,,1
515,ready,2025-07-03 12:00:00,2025-07-03 12:06:00,,,,,1
516,ready,2025-07-03 12:00:00,2025-07-03 12:11:00,,,,,1
517,ready,2025-07-03 12:00:00,2025-07-03 12:04:00,,,,,1
518,delivered,2025-07-03 12:00:00,2025-07-03 12:08:00,2025-07-03 12:15:00,2025-07-03 12:24:24.800,24.413333333333334,7.0,1
519,ready,2025-07-03 12:00:00,2025-07-03 12:07:00,,,,,1
520,ready,2025-07-03 12:00:00,2025-07-03 12:05:00,,,,,1
521,ready,2025-07-03 12:00:00,2025-07-03 12:07:00,,,,,1
522,ready,2025-07-03 12:00:00,2025-07-03 12:06:00,,,,,1
523,ready,2025-07-03 12:00:00,2025-07-03 12:11:00,,,,,1
524,ready,2025-07-03 12:00:00,2025-07-03 12:07:00,,,,,1
525,ready,2025-07-03 12:00:00,2025-07-03 12:04:00,,,,,1
526,ready,2025-07-03 12:00:00,2025-07-03 12:08:00,,,,,1
527,ready,2025-07-03 12:00:00,2025-07-03 12:07:00,,,,,1
528,ready,2025-07-03 12:00:00,2025-07-03 12:04:00,,,,,1
529,ready,2025-07-03 12:01:00,2025-07-03 12:10:00,,,,,1
530,ready,2025-07-03 12:01:00,2025-07-03 12:08:00,,,,,1
531,ready,2025-07-03 12:01:00,2025-07-03 12:08:00,,,,,1
532,ready,2025-07-03 12:01:00,2025-07-03 12:13:00,,,,,1
533,ready,2025-07-03 12:01:00,2025-07-03 12:10:00,,,,,1
534,ready,2025-07-03 12:01:00,2025-07-03 12:07:00,,,,,1
535,ready,2025-07-03 12:02:00,2025-07-03 12:08:00,,,,,1
536,ready,2025-07-03 12:02:00,2025-07-03 12:12:00,,,,,1
537,ready,2025-07-03 12:02:00,2025-07-03 12:10:00,,,,,1
538,ready,2025-07-03 12:02:00,2025-07-03 12:08:00,,,,,1
539,ready,2025-07-03 12:02:00,2025-07-03 12:10:00,,,,,1
540,ready,2025-07-03 12:02:00,2025-07-03 12:09:00,,,,,1
541,ready,2025-07-03 12:02:00,2025-07-03 12:07:00,,,,,1
542,ready,2025-07-03 12:02:00,2025-07-03 12:10:00,,,,,1
543,ready,2025-07-03 12:02:00,2025-07-03 12:11:00,,,,,1
544,ready,2025-07-03 12:03:00,2025-07-03 12:08:00,,,,,1
545,ready,2025-07-03 12:03:00,2025-07-03 12:11:00,,,,,1
546,ready,2025-07-03 12:03:00,2025-07-03 12:13:00,,,,,1
547,ready,2025-07-03 12:03:00,2025-07-03 12:13:00,,,,,1
548,ready,2025-07-03 12:03:00,2025-07-03 12:11:00,,,,,1
549,ready,2025-07-03 12:03:00,2025-07-03 12:10:00,,,,,1
550,ready,2025-07-03 12:03:00,2025-07-03 12:12:00,,,,,1
551,ready,2025-07-03 12:03:00,2025-07-03 12:10:00,,,,,1
552,ready,2025-07-03 12:04:00,2025-07-03 12:10:00,,,,,1
553,ready,2025-07-03 12:04:00,2025-07-03 12:10:00,,,,,1
554,ready,2025-07-03 12:04:00,2025-07-03 12:11:00,,,,,1
555,ready,2025-07-03 12:04:00,2025-07-03 12:09:00,,,,,1
556,ready,2025-07-03 12:04:00,2025-07-03 12:12:00,,,,,1
557,ready,2025-07-03 12:04:00,2025-07-03 12:10:00,,,,,1
558,ready,2025-07-03 12:04:00,2025-07-03 12:13:00,,,,,1
559,ready,2025-07-03 12:05:00,2025-07-03 12:16:00,,,,,1
560,ready,2025-07-03 12:05:00,2025-07-03 12:16:00,,,,,1
561,ready,2025-07-03 12:05:00,2025-07-03 12:14:00,,,,,1
562,ready,2025-07-03 12:05:00,2025-07-03 12:13:00,,,,,1
563,ready,2025-07-03 12:05:00,2025-07-03 12:15:00,,,,,1
564,ready,2025-07-03 12:06:00,2025-07-03 12:16:00,,,,,1
565,ready,2025-07-03 12:06:00,2025-07-03 12:19:00,,,,,1
566,ready,2025-07-03 12:06:00,2025-07-03 12:12:00,,,,,1
567,ready,2025-07-03 12:06:00,2025-07-03 12:12:00,,,,,1
568,ready,2025-07-03 12:06:00,2025-07-03 12:12:00,,,,,1
569,ready,2025-07-03 12:06:00,2025-07-03 12:10:00,,,,,1
570,ready,2025-07-03 12:06:00,2025-07-03 12:14:00,,,,,1
571,ready,2025-07-03 12:07:00,2025-07-03 12:14:00,,,,,1
572,ready,2025-07-03 12:07:00,2025-07-03 12:18:00,,,,,1
573,ready,2025-07-03 12:07:00,2025-07-03 12:13:00,,,,,1
574,ready,2025-07-03 12:07:00,2025-07-03 12:16:00,,,,,1
575,ready,2025-07-03 12:07:00,2025-07-03 12:14:00,,,,,1
576,ready,2025-07-03 12:08:00,2025-07-03 12:16:00,,,,,1
577,ready,2025-07-03 12:08:00,2025-07-03 12:15:00,,,,,1
578,ready,2025-07-03 12:08:00,2025-07-03 12:16:00,,,,,1
579,ready,2025-07-03 12:08:00,2025-07-03 12:17:00,,,,,1
580,ready,2025-07-03 12:08:00,2025-07-03 12:15:00,,,,,1
581,ready,2025-07-03 12:09:00,2025-07-03 12:16:00,,,,,1
582,ready,2025-07-03 12:09:00,2025-07-03 12:13:00,,,,,1
583,ready,2025-07-03 12:09:00,2025-07-03 12:15:00,,,,,1
584,ready,2025-07-03 12:09:00,2025-07-03 12:18:00,,,,,1
585,ready,2025-07-03 12:09:00,2025-07-03 12:14:00,,,,,1
586,ready,2025-07-03 12:09:00,2025-07-03 12:15:00,,,,,1
587,ready,2025-07-03 12:09:00,2025-07-03 12:14:00,,,,,1
588,ready,2025-07-03 12:09:00,2025-07-03 12:15:00,,,,,1
589,ready,2025-07-03 12:09:00,2025-07-03 12:17:00,,,,,1
590,ready,2025-07-03 12:09:00,2025-07-03 12:18:00,,,,,1
591,ready,2025-07-03 12:09:00,2025-07-03 12:19:00,,,,,1
592,ready,2025-07-03 12:09:00,2025-07-03 12:15:00,,,,,1
593,ready,2025-07-03 12:10:00,2025-07-03 12:17:00,,,,,1
594,ready,2025-07-03 12:10:00,2025-07-03 12:16:00,,,,,1
595,ready,2025-07-03 12:10:00,2025-07-03 12:15:00,,,,,1
596,ready,2025-07-03 12:10:00,2025-07-03 12:18:00,,,,,1
597,ready,2025-07-03 12:10:00,2025-07-03 12:14:00,,,,,1
598,ready,2025-07-03 12:10:00,2025-07-03 12:18:00,,,,,1
599,ready,2025-07-03 12:10:00,2025-07-03 12:17:00,,,,,1
600,ready,2025-07-03 12:10:00,2025-07-03 12:17:00,,,,,1
601,ready,2025-07-03 12:10:00,2025-07-03 12:15:00,,,,,1
602,ready,2025-07-03 12:10:00,2025-07-03 12:16:00,,,,,1
603,ready,2025-07-03 12:10:00,2025-07-03 12:19:00,,,,,1
604,ready,2025-07-03 12:11:00,2025-07-03 12:21:00,,,,,1
605,ready,2025-07-03 12:11:00,2025-07-03 12:16:00,,,,,1
606,ready,2025-07-03 12:11:00,2025-07-03 12:22:00,,,,,1
607,ready,2025-07-03 12:11:00,2025-07-03 12:18:00,,,,,1
608,ready,2025-07-03 12:11:00,2025-07-03 12:18:00,,,,,1
609,ready,2025-07-03 12:11:00,2025-07-03 12:18:00,,,,,1
610,ready,2025-07-03 12:11:00,2025-07-03 12:21:00,,,,,1
611,ready,2025-07-03 12:11:00,2025-07-03 12:16:00,,,,,1
612,ready,2025-07-03 12:12:00,2025-07-03 12:22:00,,,,,1
613,ready,2025-07-03 12:12:00,2025-07-03 12:19:00,,,,,1
614,ready,2025-07-03 12:12:00,2025-07-03 12:19:00,,,,,1
615,ready,2025-07-03 12:12:00,2025-07-03 12:18:00,,,,,1
616,ready,2025-07-03 12:12:00,2025-07-03 12:22:00,,,,,1
617,ready,2025-07-03 12:12:00,2025-07-03 12:19:00,,,,,1
618,ready,2025-07-03 12:12:00,2025-07-03 12:20:00,,,,,1
619,ready,2025-07-03 12:12:00,2025-07-03 12:20:00,,,,,1
620,ready,2025-07-03 12:12:00,2025-07-03 12:20:00,,,,,1
621,ready,2025-07-03 12:13:00,2025-07-03 12:21:00,,,,,1
622,ready,2025-07-03 12:13:00,2025-07-03 12:22:00,,,,,1
623,ready,2025-07-03 12:13:00,2025-07-03 12:20:00,,,,,1
624,ready,2025-07-03 12:13:00,2025-07-03 12:21:00,,,,,1
625,ready,2025-07-03 12:13:00,2025-07-03 12:22:00,,,,,1
626,ready,2025-07-03 12:13:00,2025-07-03 12:23:00,,,,,1
627,ready,2025-07-03 12:14:00,2025-07-03 12:22:00,,,,,1
628,delivered,2025-07-03 12:14:00,2025-07-03 12:22:00,2025-07-03 12:25:00,2025-07-03 12:30:41.800,16.696666666666665,3.0,1
629,ready,2025-07-03 12:14:00,2025-07-03 12:20:00,,,,,1
630,ready,2025-07-03 12:14:00,2025-07-03 12:22:00,,,,,1
631,ready,2025-07-03 12:14:00,2025-07-03 12:21:00,,,,,1
632,ready,2025-07-03 12:14:00,2025-07-03 12:21:00,,,,,1
633,ready,2025-07-03 12:14:00,2025-07-03 12:18:00,,,,,1
634,ready,2025-07-03 12:15:00,2025-07-03 12:22:00,,,,,1
635,ready,2025-07-03 12:15:00,2025-07-03 12:25:00,,,,,1
636,ready,2025-07-03 12:15:00,2025-07-03 12:24:00,,,,,1
637,ready,2025-07-03 12:15:00,2025-07-03 12:22:00,,,,,1
638,ready,2025-07-03 12:15:00,2025-07-03 12:23:00,,,,,1
639,ready,2025-07-03 12:15:00,2025-07-03 12:25:00,,,,,1
640,ready,2025-07-03 12:15:00,2025-07-03 12:28:00,,,,,1
641,ready,2025-07-03 12:15:00,2025-07-03 12:23:00,,,,,1
642,delivered,2025-07-03 12:15:00,2025-07-03 12:20:00,2025-07-03 12:25:00,2025-07-03 12:31:12.500,16.208333333333332,5.0,1
643,ready,2025-07-03 12:16:00,2025-07-03 12:23:00,,,,,1
644,ready,2025-07-03 12:16:00,2025-07-03 12:22:00,,,,,1
645,ready,2025-07-03 12:16:00,2025-07-03 12:20:00,,,,,1
646,ready,2025-07-03 12:16:00,2025-07-03 12:23:00,,,,,1
647,ready,2025-07-03 12:17:00,2025-07-03 12:24:00,,,,,1
648,ready,2025-07-03 12:17:00,2025-07-03 12:24:00,,,,,1
649,ready,2025-07-03 12:17:00,2025-07-03 12:25:00,,,,,1
650,ready,2025-07-03 12:17:00,2025-07-03 12:25:00,,,,,1
651,delivered,2025-07-03 12:17:00,2025-07-03 12:22:00,2025-07-03 12:30:00,2025-07-03 12:37:13.800,20.23,8.0,1
652,ready,2025-07-03 12:17:00,2025-07-03 12:23:00,,,,,1
653,ready,2025-07-03 12:18:00,2025-07-03 12:28:00,,,,,1
654,ready,2025-07-03 12:18:00,2025-07-03 12:25:00,,,,,1
655,ready,2025-07-03 12:18:00,2025-07-03 12:22:00,,,,,1
656,ready,2025-07-03 12:18:00,2025-07-03 12:24:00,,,,,1
657,ready,2025-07-03 12:18:00,2025-07-03 12:26:00,,,,,1
658,ready,2025-07-03 12:18:00,2025-07-03 12:25:00,,,,,1
659,ready,2025-07-03 12:18:00,2025-07-03 12:28:00,,,,,1
660,ready,2025-07-03 12:18:00,2025-07-03 12:26:00,,,,,1
661,ready,2025-07-03 12:18:00,2025-07-03 12:27:00,,,,,1
662,delivered,2025-07-03 12:19:00,2025-07-03 12:27:00,2025-07-03 12:35:00,2025-07-03 12:46:27.800,27.46333333333333,8.0,1
663,delivered,2025-07-03 12:19:00,2025-07-03 12:31:00,2025-07-03 12:40:00,2025-07-03 12:46:05.600,27.09333333333333,9.0,1
664,ready,2025-07-03 12:19:00,2025-07-03 12:25:00,,,,,1
665,ready,2025-07-03 12:19:00,2025-07-03 12:28:00,,,,,1
666,ready,2025-07-03 12:19:00,2025-07-03 12:26:00,,,,,1
667,ready,2025-07-03 12:19:00,2025-07-03 12:25:00,,,,,1
668,ready,2025-07-03 12:19:00,2025-07-03 12:25:00,,,,,1
669,ready,2025-07-03 12:19:00,2025-07-03 12:26:00,,,,,1
670,ready,2025-07-03 12:19:00,2025-07-03 12:24:00,,,,,1
671,ready,2025-07-03 12:20:00,2025-07-03 12:27:00,,,,,1
672,ready,2025-07-03 12:20:00,2025-07-03 12:28:00,,,,,1
673,ready,2025-07-03 12:20:00,2025-07-03 12:24:00,,,,,1
674,ready,2025-07-03 12:20:00,2025-07-03 12:26:00,,,,,1
675,ready,2025-07-03 12:20:00,2025-07-03 12:29:00,,,,,1
676,ready,2025-07-03 12:21:00,2025-07-03 12:31:00,,,,,1
677,ready,2025-07-03 12:21:00,2025-07-03 12:30:00,,,,,1
678,ready,2025-07-03 12:21:00,2025-07-03 12:26:00,,,,,1
679,ready,2025-07-03 12:21:00,2025-07-03 12:25:00,,,,,1
680,ready,2025-07-03 12:21:00,2025-07-03 12:25:00,,,,,1
681,ready,2025-07-03 12:21:00,2025-07-03 12:29:00,,,,,1
682,ready,2025-07-03 12:21:00,2025-07-03 12:28:00,,,,,1
683,ready,2025-07-03 12:21:00,2025-07-03 12:28:00,,,,,1
684,ready,2025-07-03 12:21:00,2025-07-03 12:28:00,,,,,1
685,ready,2025-07-03 12:21:00,2025-07-03 12:30:00,,,,,1
686,ready,2025-07-03 12:22:00,2025-07-03 12:31:00,,,,,1
687,ready,2025-07-03 12:22:00,2025-07-03 12:32:00,,,,,1
688,ready,2025-07-03 12:22:00,2025-07-03 12:30:00,,,,,1
689,ready,2025-07-03 12:22:00,2025-07-03 12:29:00,,,,,1
690,ready,2025-07-03 12:22:00,2025-07-03 12:31:00,,,,,1
691,ready,2025-07-03 12:22:00,2025-07-03 12:30:00,,,,,1
692,ready,2025-07-03 12:22:00,2025-07-03 12:31:00,,,,,1
693,ready,2025-07-03 12:23:00,2025-07-03 12:34:00,,,,,1
694,ready,2025-07-03 12:23:00,2025-07-03 12:32:00,,,,,1
695,ready,2025-07-03 12:23:00,2025-07-03 12:31:00,,,,,1
696,ready,2025-07-03 12:23:00,2025-07-03 12:35:00,,,,,1
697,ready,2025-07-03 12:23:00,2025-07-03 12:33:00,,,,,1
698,ready,2025-07-03 12:24:00,2025-07-03 12:33:00,,,,,1
699,ready,2025-07-03 12:24:00,2025-07-03 12:31:00,,,,,1
700,ready,2025-07-03 12:24:00,2025-07-03 12:32:00,,,,,1
701,ready,2025-07-03 12:24:00,2025-07-03 12:29:00,,,,,1
702,delivered,2025-07-03 12:24:00,2025-07-03 12:33:00,2025-07-03 12:40:00,2025-07-03 12:45:57.000,21.95,7.0,1
703,ready,2025-07-03 12:24:00,2025-07-03 12:30:00,,,,,1
704,ready,2025-07-03 12:24:00,2025-07-03 12:36:00,,,,,1
705,ready,2025-07-03 12:24:00,2025-07-03 12:32:00,,,,,1
706,ready,2025-07-03 12:24:00,2025-07-03 12:31:00,,,,,1
707,ready,2025-07-03 12:24:00,2025-07-03 12:34:00,,,,,1
708,ready,2025-07-03 12:24:00,2025-07-03 12:28:00,,,,,1
709,ready,2025-07-03 12:25:00,2025-07-03 12:31:00,,,,,1
710,ready,2025-07-03 12:25:00,2025-07-03 12:29:00,,,,,1
711,ready,2025-07-03 12:25:00,2025-07-03 12:35:00,,,,,1
712,ready,2025-07-03 12:25:00,2025-07-03 12:32:00,,,,,1
713,ready,2025-07-03 12:25:00,2025-07-03 12:32:00,,,,,1
714,ready,2025-07-03 12:25:00,2025-07-03 12:29:00,,,,,1
715,ready,2025-07-03 12:25:00,2025-07-03 12:32:00,,,,,1
716,ready,2025-07-03 12:25:00,2025-07-03 12:30:00,,,,,1
717,ready,2025-07-03 12:25:00,2025-07-03 12:31:00,,,,,1
718,ready,2025-07-03 12:25:00,2025-07-03 12:31:00,,,,,1
719,delivered,2025-07-03 12:26:00,2025-07-03 12:32:00,2025-07-03 12:45:00,2025-07-03 12:51:25.600,25.426666666666666,13.0,1
720,ready,2025-07-03 12:26:00,2025-07-03 12:32:00,,,,,1
721,ready,2025-07-03 12:26:00,2025-07-03 12:33:00,,,,,1
722,ready,2025-07-03 12:26:00,2025-07-03 12:30:00,,,,,1
723,ready,2025-07-03 12:26:00,2025-07-03 12:32:00,,,,,1
724,ready,2025-07-03 12:26:00,2025-07-03 12:34:00,,,,,1
725,ready,2025-07-03 12:27:00,2025-07-03 12:34:00,,,,,1
726,ready,2025-07-03 12:27:00,2025-07-03 12:33:00,,,,,1
727,ready,2025-07-03 12:27:00,2025-07-03 12:32:00,,,,,1
728,ready,2025-07-03 12:27:00,2025-07-03 12:34:00,,,,,1
729,ready,2025-07-03 12:27:00,2025-07-03 12:35:00,,,,,1
730,ready,2025-07-03 12:27:00,2025-07-03 12:35:00,,,,,1
731,ready,2025-07-03 12:27:00,2025-07-03 12:37:00,,,,,1
732,ready,2025-07-03 12:27:00,2025-07-03 12:34:00,,,,,1
733,ready,2025-07-03 12:28:00,2025-07-03 12:40:00,,,,,1
734,ready,2025-07-03 12:28:00,2025-07-03 12:36:00,,,,,1
735,ready,2025-07-03 12:28:00,2025-07-03 12:36:00,,,,,1
736,ready,2025-07-03 12:28:00,2025-07-03 12:37:00,,,,,1
737,ready,2025-07-03 12:28:00,2025-07-03 12:36:00,,,,,1
738,ready,2025-07-03 12:28:00,2025-07-03 12:33:00,,,,,1
739,ready,2025-07-03 12:28:00,2025-07-03 12:33:00,,,,,1
740,ready,2025-07-03 12:28:00,2025-07-03 12:36:00,,,,,1
741,delivered,2025-07-03 12:28:00,2025-07-03 12:34:00,2025-07-03 12:50:00,2025-07-03 13:43:05.200,75.08666666666666,16.0,1
742,ready,2025-07-03 12:28:00,2025-07-03 12:37:00,,,,,1
743,ready,2025-07-03 12:28:00,2025-07-03 12:33:00,,,,,1
744,ready,2025-07-03 12:28:00,2025-07-03 12:38:00,,,,,1
745,ready,2025-07-03 12:28:00,2025-07-03 12:37:00,,,,,1
746,ready,2025-07-03 12:29:00,2025-07-03 12:36:00,,,,,1
747,ready,2025-07-03 12:29:00,2025-07-03 12:33:00,,,,,1
748,ready,2025-07-03 12:29:00,2025-07-03 12:38:00,,,,,1
749,delivered,2025-07-03 12:29:00,2025-07-03 12:36:00,2025-07-03 12:55:00,2025-07-03 13:48:00.100,79.00166666666668,19.0,1
750,ready,2025-07-03 12:29:00,2025-07-03 12:40:00,,,,,1
751,ready,2025-07-03 12:29:00,2025-07-03 12:35:00,,,,,1
752,ready,2025-07-03 12:29:00,2025-07-03 12:38:00,,,,,1
753,delivered,2025-07-03 12:29:00,2025-07-03 12:37:00,2025-07-03 12:55:00,2025-07-03 13:03:27.500,34.458333333333336,18.0,1
754,ready,2025-07-03 12:29:00,2025-07-03 12:35:00,,,,,1
755,ready,2025-07-03 12:29:00,2025-07-03 12:36:00,,,,,1
756,ready,2025-07-03 12:30:00,2025-07-03 12:35:00,,,,,1
757,delivered,2025-07-03 12:30:00,2025-07-03 12:36:00,2025-07-03 12:55:00,2025-07-03 13:02:41.600,32.693333333333335,19.0,1
758,ready,2025-07-03 12:30:00,2025-07-03 12:34:00,,,,,1
759,ready,2025-07-03 12:30:00,2025-07-03 12:34:00,,,,,1
760,ready,2025-07-03 12:31:00,2025-07-03 12:40:00,,,,,1
761,ready,2025-07-03 12:31:00,2025-07-03 12:41:00,,,,,1
762,ready,2025-07-03 12:31:00,2025-07-03 12:37:00,,,,,1
763,ready,2025-07-03 12:31:00,2025-07-03 12:38:00,,,,,1
764,ready,2025-07-03 12:31:00,2025-07-03 12:38:00,,,,,1
765,ready,2025-07-03 12:31:00,2025-07-03 12:38:00,,,,,1
766,ready,2025-07-03 12:32:00,2025-07-03 12:39:00,,,,,1
767,ready,2025-07-03 12:32:00,2025-07-03 12:37:00,,,,,1
768,ready,2025-07-03 12:32:00,2025-07-03 12:40:00,,,,,1
769,ready,2025-07-03 12:32:00,2025-07-03 12:41:00,,,,,1
770,ready,2025-07-03 12:32:00,2025-07-03 12:38:00,,,,,1
771,ready,2025-07-03 12:32:00,2025-07-03 12:40:00,,,,,1
772,ready,2025-07-03 12:33:00,2025-07-03 12:40:00,,,,,1
773,ready,2025-07-03 12:33:00,2025-07-03 12:37:00,,,,,1
774,ready,2025-07-03 12:33:00,2025-07-03 12:39:00,,,,,1
775,ready,2025-07-03 12:33:00,2025-07-03 12:39:00,,,,,1
776,ready,2025-07-03 12:33:00,2025-07-03 12:40:00,,,,,1
777,ready,2025-07-03 12:33:00,2025-07-03 12:45:00,,,,,1
778,ready,2025-07-03 12:33:00,2025-07-03 12:41:00,,,,,1
779,ready,2025-07-03 12:34:00,2025-07-03 12:40:00,,,,,1
780,ready,2025-07-03 12:34:00,2025-07-03 12:38:00,,,,,1
781,ready,2025-07-03 12:34:00,2025-07-03 12:45:00,,,,,1
782,ready,2025-07-03 12:34:00,2025-07-03 12:41:00,,,,,1
783,ready,2025-07-03 12:34:00,2025-07-03 12:38:00,,,,,1
784,ready,2025-07-03 12:34:00,2025-07-03 12:38:00,,,,,1
785,ready,2025-07-03 12:34:00,2025-07-03 12:43:00,,,,,1
786,ready,2025-07-03 12:34:00,2025-07-03 12:41:00,,,,,1
787,ready,2025-07-03 12:34:00,2025-07-03 12:44:00,,,,,1
788,ready,2025-07-03 12:34:00,2025-07-03 12:42:00,,,,,1
789,ready,2025-07-03 12:35:00,2025-07-03 12:40:00,,,,,1
790,ready,2025-07-03 12:35:00,2025-07-03 12:40:00,,,,,1
791,ready,2025-07-03 12:35:00,2025-07-03 12:42:00,,,,,1
792,ready,2025-07-03 12:35:00,2025-07-03 12:39:00,,,,,1
793,ready,2025-07-03 12:35:00,2025-07-03 12:41:00,,,,,1
794,ready,2025-07-03 12:35:00,2025-07-03 12:41:00,,,,,1
795,ready,2025-07-03 12:35:00,2025-07-03 12:40:00,,,,,1
796,delivered,2025-07-03 12:35:00,2025-07-03 12:43:00,2025-07-03 13:00:00,2025-07-03 13:07:07.800,32.13,17.0,1
797,ready,2025-07-03 12:35:00,2025-07-03 12:39:00,,,,,1
798,ready,2025-07-03 12:35:00,2025-07-03 12:43:00,,,,,1
799,ready,2025-07-03 12:35:00,2025-07-03 12:46:00,,,,,1
800,ready,2025-07-03 12:36:00,2025-07-03 12:43:00,,,,,1
801,ready,2025-07-03 12:36:00,2025-07-03 12:45:00,,,,,1
802,ready,2025-07-03 12:36:00,2025-07-03 12:43:00,,,,,1
803,ready,2025-07-03 12:36:00,2025-07-03 12:46:00,,,,,1
804,delivered,2025-07-03 12:36:00,2025-07-03 12:45:00,2025-07-03 13:10:00,2025-07-03 13:19:43.500,43.725,25.0,1
805,ready,2025-07-03 12:36:00,2025-07-03 12:47:00,,,,,1
806,ready,2025-07-03 12:36:00,2025-07-03 12:45:00,,,,,1
807,ready,2025-07-03 12:37:00,2025-07-03 12:44:00,,,,,1
808,ready,2025-07-03 12:37:00,2025-07-03 12:47:00,,,,,1
809,ready,2025-07-03 12:37:00,2025-07-03 12:41:00,,,,,1
810,ready,2025-07-03 12:37:00,2025-07-03 12:41:00,,,,,1
811,ready,2025-07-03 12:37:00,2025-07-03 12:42:00,,,,,1
812,ready,2025-07-03 12:37:00,2025-07-03 12:45:00,,,,,1
813,ready,2025-07-03 12:37:00,2025-07-03 12:44:00,,,,,1
814,ready,2025-07-03 12:37:00,2025-07-03 12:45:00,,,,,1
815,ready,2025-07-03 12:37:00,2025-07-03 12:45:00,,,,,1
816,ready,2025-07-03 12:38:00,2025-07-03 12:45:00,,,,,1
817,ready,2025-07-03 12:38:00,2025-07-03 12:45:00,,,,,1
818,ready,2025-07-03 12:38:00,2025-07-03 12:47:00,,,,,1
819,ready,2025-07-03 12:38:00,2025-07-03 12:47:00,,,,,1
820,ready,2025-07-03 12:38:00,2025-07-03 12:42:00,,,,,1
821,ready,2025-07-03 12:38:00,2025-07-03 12:45:00,,,,,1
822,ready,2025-07-03 12:38:00,2025-07-03 12:47:00,,,,,1
823,ready,2025-07-03 12:38:00,2025-07-03 12:44:00,,,,,1
824,ready,2025-07-03 12:38:00,2025-07-03 12:49:00,,,,,1
825,ready,2025-07-03 12:38:00,2025-07-03 12:45:00,,,,,1
826,ready,2025-07-03 12:38:00,2025-07-03 12:46:00,,,,,1
827,ready,2025-07-03 12:38:00,2025-07-03 12:44:00,,,,,1
828,delivered,2025-07-03 12:38:00,2025-07-03 12:46:00,2025-07-03 13:10:00,2025-07-03 13:19:05.000,41.083333333333336,24.0,1
829,ready,2025-07-03 12:38:00,2025-07-03 12:46:00,,,,,1
830,ready,2025-07-03 12:38:00,2025-07-03 12:44:00,,,,,1
831,ready,2025-07-03 12:39:00,2025-07-03 12:46:00,,,,,1
832,delivered,2025-07-03 12:39:00,2025-07-03 12:43:00,2025-07-03 13:15:00,2025-07-03 13:20:35.100,41.585,32.0,1
833,ready,2025-07-03 12:39:00,2025-07-03 12:48:00,,,,,1
834,ready,2025-07-03 12:40:00,2025-07-03 12:45:00,,,,,1
835,ready,2025-07-03 12:40:00,2025-07-03 12:47:00,,,,,1
836,ready,2025-07-03 12:40:00,2025-07-03 12:46:00,,,,,1
837,ready,2025-07-03 12:40:00,2025-07-03 12:49:00,,,,,1
838,ready,2025-07-03 12:40:00,2025-07-03 12:44:00,,,,,1
839,ready,2025-07-03 12:41:00,2025-07-03 12:47:00,,,,,1
840,ready,2025-07-03 12:41:00,2025-07-03 12:48:00,,,,,1
841,ready,2025-07-03 12:41:00,2025-07-03 12:47:00,,,,,1
842,ready,2025-07-03 12:41:00,2025-07-03 12:45:00,,,,,1
843,delivered,2025-07-03 12:41:00,2025-07-03 12:51:00,2025-07-03 13:25:00,2025-07-03 13:36:23.400,55.39,34.0,1
844,ready,2025-07-03 12:41:00,2025-07-03 12:51:00,,,,,1
845,ready,2025-07-03 12:41:00,2025-07-03 12:49:00,,,,,1
846,ready,2025-07-03 12:41:00,2025-07-03 12:46:00,,,,,1
847,ready,2025-07-03 12:41:00,2025-07-03 12:51:00,,,,,1
848,ready,2025-07-03 12:42:00,2025-07-03 12:49:00,,,,,1
849,ready,2025-07-03 12:42:00,2025-07-03 12:46:00,,,,,1
850,delivered,2025-07-03 12:42:00,2025-07-03 12:46:00,2025-07-03 13:25:00,2025-07-03 13:32:52.800,50.88,39.0,1
851,ready,2025-07-03 12:42:00,2025-07-03 12:47:00,,,,,1
852,ready,2025-07-03 12:42:00,2025-07-03 12:53:00,,,,,1
853,ready,2025-07-03 12:42:00,2025-07-03 12:49:00,,,,,1
854,ready,2025-07-03 12:43:00,2025-07-03 12:51:00,,,,,1
855,ready,2025-07-03 12:43:00,2025-07-03 12:49:00,,,,,1
856,delivered,2025-07-03 12:43:00,2025-07-03 12:51:00,2025-07-03 13:30:00,2025-07-03 13:36:38.600,53.64333333333333,39.0,1
857,ready,2025-07-03 12:43:00,2025-07-03 12:49:00,,,,,1
858,ready,2025-07-03 12:43:00,2025-07-03 12:53:00,,,,,1
859,ready,2025-07-03 12:43:00,2025-07-03 12:50:00,,,,,1
860,ready,2025-07-03 12:43:00,2025-07-03 12:48:00,,,,,1
861,delivered,2025-07-03 12:43:00,2025-07-03 12:47:00,2025-07-03 13:40:00,2025-07-03 14:33:24.400,110.40666666666667,53.0,1
862,ready,2025-07-03 12:43:00,2025-07-03 12:50:00,,,,,1
863,ready,2025-07-03 12:43:00,2025-07-03 12:50:00,,,,,1
864,ready,2025-07-03 12:44:00,2025-07-03 12:52:00,,,,,1
865,ready,2025-07-03 12:44:00,2025-07-03 12:51:00,,,,,1
866,ready,2025-07-03 12:44:00,2025-07-03 12:50:00,,,,,1
867,ready,2025-07-03 12:44:00,2025-07-03 12:53:00,,,,,1
868,ready,2025-07-03 12:44:00,2025-07-03 12:55:00,,,,,1
869,ready,2025-07-03 12:44:00,2025-07-03 12:50:00,,,,,1
870,ready,2025-07-03 12:44:00,2025-07-03 12:50:00,,,,,1
871,ready,2025-07-03 12:44:00,2025-07-03 12:49:00,,,,,1
872,ready,2025-07-03 12:45:00,2025-07-03 12:52:00,,,,,1
873,ready,2025-07-03 12:45:00,2025-07-03 12:51:00,,,,,1
874,ready,2025-07-03 12:45:00,2025-07-03 12:52:00,,,,,1
875,ready,2025-07-03 12:45:00,2025-07-03 12:52:00,,,,,1
876,ready,2025-07-03 12:45:00,2025-07-03 12:53:00,,,,,1
877,ready,2025-07-03 12:45:00,2025-07-03 12:52:00,,,,,1
878,ready,2025-07-03 12:45:00,2025-07-03 12:52:00,,,,,1
879,ready,2025-07-03 12:46:00,2025-07-03 12:54:00,,,,,1
880,ready,2025-07-03 12:46:00,2025-07-03 12:54:00,,,,,1
881,ready,2025-07-03 12:46:00,2025-07-03 12:51:00,,,,,1
882,ready,2025-07-03 12:46:00,2025-07-03 12:51:00,,,,,1
883,ready,2025-07-03 12:46:00,2025-07-03 12:55:00,,,,,1
884,ready,2025-07-03 12:47:00,2025-07-03 12:55:00,,,,,1
885,ready,2025-07-03 12:47:00,2025-07-03 12:55:00,,,,,1
886,ready,2025-07-03 12:47:00,2025-07-03 12:55:00,,,,,1
887,ready,2025-07-03 12:47:00,2025-07-03 12:56:00,,,,,1
888,ready,2025-07-03 12:47:00,2025-07-03 12:59:00,,,,,1
889,ready,2025-07-03 12:47:00,2025-07-03 12:53:00,,,,,1
890,ready,2025-07-03 12:47:00,2025-07-03 12:54:00,,,,,1
891,ready,2025-07-03 12:47:00,2025-07-03 12:55:00,,,,,1
892,ready,2025-07-03 12:47:00,2025-07-03 12:52:00,,,,,1
893,ready,2025-07-03 12:47:00,2025-07-03 12:53:00,,,,,1
894,ready,2025-07-03 12:47:00,2025-07-03 12:55:00,,,,,1
895,ready,2025-07-03 12:47:00,2025-07-03 12:52:00,,,,,1
896,ready,2025-07-03 12:47:00,2025-07-03 12:55:00,,,,,1
897,ready,2025-07-03 12:47:00,2025-07-03 12:57:00,,,,,1
898,ready,2025-07-03 12:48:00,2025-07-03 12:57:00,,,,,1
899,ready,2025-07-03 12:48:00,2025-07-03 12:53:00,,,,,1
900,ready,2025-07-03 12:48:00,2025-07-03 12:55:00,,,,,1
901,ready,2025-07-03 12:48:00,2025-07-03 12:54:00,,,,,1
902,ready,2025-07-03 12:48:00,2025-07-03 12:56:00,,,,,1
903,ready,2025-07-03 12:48:00,2025-07-03 12:55:00,,,,,1
904,ready,2025-07-03 12:48:00,2025-07-03 12:54:00,,,,,1
905,ready,2025-07-03 12:48:00,2025-07-03 12:56:00,,,,,1
906,ready,2025-07-03 12:48:00,2025-07-03 13:00:00,,,,,1
907,ready,2025-07-03 12:49:00,2025-07-03 12:55:00,,,,,1
908,ready,2025-07-03 12:49:00,2025-07-03 12:55:00,,,,,1
909,ready,2025-07-03 12:49:00,2025-07-03 12:55:00,,,,,1
910,ready,2025-07-03 12:49:00,2025-07-03 12:55:00,,,,,1
911,ready,2025-07-03 12:49:00,2025-07-03 12:55:00,,,,,1
912,ready,2025-07-03 12:49:00,2025-07-03 12:55:00,,,,,1
913,ready,2025-07-03 12:49:00,2025-07-03 12:55:00,,,,,1
914,ready,2025-07-03 12:49:00,2025-07-03 12:59:00,,,,,1
915,ready,2025-07-03 12:50:00,2025-07-03 12:55:00,,,,,1
916,ready,2025-07-03 12:50:00,2025-07-03 12:57:00,,,,,1
917,ready,2025-07-03 12:50:00,2025-07-03 12:57:00,,,,,1
918,ready,2025-07-03 12:50:00,2025-07-03 12:58:00,,,,,1
919,ready,2025-07-03 12:50:00,2025-07-03 12:55:00,,,,,1
920,ready,2025-07-03 12:50:00,2025-07-03 12:59:00,,,,,1
921,ready,2025-07-03 12:51:00,2025-07-03 12:59:00,,,,,1
922,ready,2025-07-03 12:51:00,2025-07-03 13:01:00,,,,,1
923,ready,2025-07-03 12:51:00,2025-07-03 13:03:00,,,,,1
924,ready,2025-07-03 12:51:00,2025-07-03 12:56:00,,,,,1
925,ready,2025-07-03 12:51:00,2025-07-03 12:58:00,,,,,1
926,ready,2025-07-03 12:51:00,2025-07-03 12:59:00,,,,,1
927,ready,2025-07-03 12:52:00,2025-07-03 13:01:00,,,,,1
928,ready,2025-07-03 12:52:00,2025-07-03 13:01:00,,,,,1
929,ready,2025-07-03 12:52:00,2025-07-03 12:58:00,,,,,1
930,ready,2025-07-03 12:52:00,2025-07-03 13:01:00,,,,,1
931,ready,2025-07-03 12:52:00,2025-07-03 12:59:00,,,,,1
932,ready,2025-07-03 12:52:00,2025-07-03 12:59:00,,,,,1
933,ready,2025-07-03 12:53:00,2025-07-03 13:00:00,,,,,1
934,ready,2025-07-03 12:53:00,2025-07-03 12:58:00,,,,,1
935,ready,2025-07-03 12:53:00,2025-07-03 13:04:00,,,,,1
936,ready,2025-07-03 12:53:00,2025-07-03 12:57:00,,,,,1
937,ready,2025-07-03 12:53:00,2025-07-03 12:59:00,,,,,1
938,ready,2025-07-03 12:53:00,2025-07-03 13:04:00,,,,,1
939,ready,2025-07-03 12:53:00,2025-07-03 12:59:00,,,,,1
940,ready,2025-07-03 12:53:00,2025-07-03 13:01:00,,,,,1
941,ready,2025-07-03 12:53:00,2025-07-03 13:00:00,,,,,1
942,ready,2025-07-03 12:53:00,2025-07-03 13:04:00,,,,,1
943,ready,2025-07-03 12:53:00,2025-07-03 13:00:00,,,,,1
944,ready,2025-07-03 12:53:00,2025-07-03 13:00:00,,,,,1
945,ready,2025-07-03 12:53:00,2025-07-03 13:04:00,,,,,1
946,ready,2025-07-03 12:53:00,2025-07-03 13:00:00,,,,,1
947,ready,2025-07-03 12:53:00,2025-07-03 13:00:00,,,,,1
948,ready,2025-07-03 12:54:00,2025-07-03 13:00:00,,,,,1
949,ready,2025-07-03 12:54:00,2025-07-03 13:00:00,,,,,1
950,ready,2025-07-03 12:54:00,2025-07-03 13:03:00,,,,,1
951,ready,2025-07-03 12:54:00,2025-07-03 13:03:00,,,,,1
952,ready,2025-07-03 12:54:00,2025-07-03 13:02:00,,,,,1
953,ready,2025-07-03 12:54:00,2025-07-03 13:07:00,,,,,1
954,ready,2025-07-03 12:54:00,2025-07-03 13:05:00,,,,,1
955,ready,2025-07-03 12:54:00,2025-07-03 13:02:00,,,,,1
956,ready,2025-07-03 12:54:00,2025-07-03 13:01:00,,,,,1
957,ready,2025-07-03 12:55:00,2025-07-03 13:02:00,,,,,1
958,delivered,2025-07-03 12:55:00,2025-07-03 13:04:00,2025-07-03 13:45:00,2025-07-03 13:50:08.600,55.14333333333333,41.0,1
959,ready,2025-07-03 12:55:00,2025-07-03 12:59:00,,,,,1
960,ready,2025-07-03 12:55:00,2025-07-03 13:05:00,,,,,1
961,ready,2025-07-03 12:55:00,2025-07-03 13:01:00,,,,,1
962,ready,2025-07-03 12:55:00,2025-07-03 13:02:00,,,,,1
963,ready,2025-07-03 12:56:00,2025-07-03 13:05:00,,,,,1
964,ready,2025-07-03 12:56:00,2025-07-03 13:04:00,,,,,1
965,ready,2025-07-03 12:56:00,2025-07-03 13:07:00,,,,,1
966,ready,2025-07-03 12:56:00,2025-07-03 13:05:00,,,,,1
967,ready,2025-07-03 12:56:00,2025-07-03 13:07:00,,,,,1
968,ready,2025-07-03 12:56:00,2025-07-03 13:00:00,,,,,1
969,ready,2025-07-03 12:56:00,2025-07-03 13:05:00,,,,,1
970,ready,2025-07-03 12:56:00,2025-07-03 13:02:00,,,,,1
971,ready,2025-07-03 12:56:00,2025-07-03 13:02:00,,,,,1
972,ready,2025-07-03 12:56:00,2025-07-03 13:03:00,,,,,1
973,ready,2025-07-03 12:56:00,2025-07-03 13:03:00,,,,,1
974,ready,2025-07-03 12:57:00,2025-07-03 13:03:00,,,,,1
975,ready,2025-07-03 12:57:00,2025-07-03 13:07:00,,,,,1
976,ready,2025-07-03 12:57:00,2025-07-03 13:07:00,,,,,1
977,ready,2025-07-03 12:57:00,2025-07-03 13:02:00,,,,,1
978,ready,2025-07-03 12:57:00,2025-07-03 13:01:00,,,,,1
979,ready,2025-07-03 12:57:00,2025-07-03 13:03:00,,,,,1
980,ready,2025-07-03 12:57:00,2025-07-03 13:06:00,,,,,1
981,ready,2025-07-03 12:57:00,2025-07-03 13:03:00,,,,,1
982,ready,2025-07-03 12:57:00,2025-07-03 13:05:00,,,,,1
983,ready,2025-07-03 12:57:00,2025-07-03 13:08:00,,,,,1
984,ready,2025-07-03 12:57:00,2025-07-03 13:06:00,,,,,1
985,ready,2025-07-03 12:57:00,2025-07-03 13:06:00,,,,,1
986,ready,2025-07-03 12:58:00,2025-07-03 13:06:00,,,,,1
987,ready,2025-07-03 12:58:00,2025-07-03 13:04:00,,,,,1
988,ready,2025-07-03 12:58:00,2025-07-03 13:06:00,,,,,1
989,ready,2025-07-03 12:58:00,2025-07-03 13:07:00,,,,,1
990,ready,2025-07-03 12:58:00,2025-07-03 13:04:00,,,,,1
991,ready,2025-07-03 12:58:00,2025-07-03 13:06:00,,,,,1
992,ready,2025-07-03 12:59:00,2025-07-03 13:04:00,,,,,1
993,ready,2025-07-03 12:59:00,2025-07-03 13:05:00,,,,,1
994,ready,2025-07-03 13:00:00,2025-07-03 13:06:00,,,,,1
995,ready,2025-07-03 13:00:00,2025-07-03 13:05:00,,,,,1
996,ready,2025-07-03 13:00:00,2025-07-03 13:11:00,,,,,1
997,ready,2025-07-03 13:00:00,2025-07-03 13:10:00,,,,,1
998,ready,2025-07-03 13:00:00,2025-07-03 13:07:00,,,,,1
999,ready,2025-07-03 13:00:00,2025-07-03 13:05:00,,,,,1
1000,ready,2025-07-03 13:00:00,2025-07-03 13:06:00,,,,,1
1001,ready,2025-07-03 13:00:00,2025-07-03 13:07:00,,,,,1
1002,ready,2025-07-03 13:00:00,2025-07-03 13:10:00,,,,,1
1003,ready,2025-07-03 13:00:00,2025-07-03 13:08:00,,,,,1
1004,ready,2025-07-03 13:01:00,2025-07-03 13:11:00,,,,,1
1005,ready,2025-07-03 13:01:00,2025-07-03 13:10:00,,,,,1
1006,ready,2025-07-03 13:01:00,2025-07-03 13:11:00,,,,,1
1007,ready,2025-07-03 13:01:00,2025-07-03 13:07:00,,,,,1
1008,ready,2025-07-03 13:01:00,2025-07-03 13:08:00,,,,,1
1009,ready,2025-07-03 13:01:00,2025-07-03 13:12:00,,,,,1
1010,delivered,2025-07-03 13:01:00,2025-07-03 13:09:00,2025-07-03 13:45:00,2025-07-03 13:57:41.800,56.69666666666667,36.0,1
1011,ready,2025-07-03 13:02:00,2025-07-03 13:09:00,,,,,1
1012,ready,2025-07-03 13:02:00,2025-07-03 13:10:00,,,,,1
1013,ready,2025-07-03 13:02:00,2025-07-03 13:07:00,,,,,1
1014,ready,2025-07-03 13:02:00,2025-07-03 13:08:00,,,,,1
1015,ready,2025-07-03 13:02:00,2025-07-03 13:07:00,,,,,1
1016,ready,2025-07-03 13:02:00,2025-07-03 13:08:00,,,,,1
1017,delivered,2025-07-03 13:03:00,2025-07-03 13:12:00,2025-07-03 13:50:00,2025-07-03 13:54:20.200,51.336666666666666,38.0,1
1018,ready,2025-07-03 13:03:00,2025-07-03 13:11:00,,,,,1
1019,ready,2025-07-03 13:03:00,2025-07-03 13:07:00,,,,,1
1020,ready,2025-07-03 13:03:00,2025-07-03 13:12:00,,,,,1
1021,delivered,2025-07-03 13:03:00,2025-07-03 13:10:00,2025-07-03 13:55:00,2025-07-03 14:52:28.700,109.47833333333332,45.0,1
1022,ready,2025-07-03 13:03:00,2025-07-03 13:11:00,,,,,1
1023,ready,2025-07-03 13:03:00,2025-07-03 13:12:00,,,,,1
1024,ready,2025-07-03 13:03:00,2025-07-03 13:11:00,,,,,1
1025,ready,2025-07-03 13:03:00,2025-07-03 13:09:00,,,,,1
1026,ready,2025-07-03 13:03:00,2025-07-03 13:09:00,,,,,1
1027,ready,2025-07-03 13:03:00,2025-07-03 13:09:00,,,,,1
1028,ready,2025-07-03 13:04:00,2025-07-03 13:10:00,,,,,1
1029,delivered,2025-07-03 13:04:00,2025-07-03 13:11:00,2025-07-03 14:00:00,2025-07-03 14:05:02.000,61.03333333333333,49.0,1
1030,ready,2025-07-03 13:04:00,2025-07-03 13:11:00,,,,,1
1031,ready,2025-07-03 13:04:00,2025-07-03 13:11:00,,,,,1
1032,ready,2025-07-03 13:04:00,2025-07-03 13:09:00,,,,,1
1033,ready,2025-07-03 13:04:00,2025-07-03 13:08:00,,,,,1
1034,ready,2025-07-03 13:04:00,2025-07-03 13:10:00,,,,,1
1035,ready,2025-07-03 13:04:00,2025-07-03 13:12:00,,,,,1
1036,ready,2025-07-03 13:05:00,2025-07-03 13:14:00,,,,,1
1037,ready,2025-07-03 13:05:00,2025-07-03 13:13:00,,,,,1
1038,ready,2025-07-03 13:05:00,2025-07-03 13:12:00,,,,,1
1039,ready,2025-07-03 13:05:00,2025-07-03 13:14:00,,,,,1
1040,ready,2025-07-03 13:05:00,2025-07-03 13:13:00,,,,,1
1041,ready,2025-07-03 13:05:00,2025-07-03 13:13:00,,,,,1
1042,ready,2025-07-03 13:05:00,2025-07-03 13:13:00,,,,,1
1043,ready,2025-07-03 13:05:00,2025-07-03 13:13:00,,,,,1
1044,ready,2025-07-03 13:06:00,2025-07-03 13:13:00,,,,,1
1045,ready,2025-07-03 13:06:00,2025-07-03 13:13:00,,,,,1
1046,ready,2025-07-03 13:06:00,2025-07-03 13:13:00,,,,,1
1047,ready,2025-07-03 13:06:00,2025-07-03 13:14:00,,,,,1
1048,ready,2025-07-03 13:06:00,2025-07-03 13:13:00,,,,,1
1049,ready,2025-07-03 13:06:00,2025-07-03 13:14:00,,,,,1
1050,ready,2025-07-03 13:06:00,2025-07-03 13:16:00,,,,,1
1051,ready,2025-07-03 13:06:00,2025-07-03 13:10:00,,,,,1
1052,delivered,2025-07-03 13:06:00,2025-07-03 13:16:00,2025-07-03 14:00:00,2025-07-03 14:06:24.700,60.41166666666666,44.0,1
1053,ready,2025-07-03 13:07:00,2025-07-03 13:17:00,,,,,1
1054,ready,2025-07-03 13:07:00,2025-07-03 13:15:00,,,,,1
1055,ready,2025-07-03 13:07:00,2025-07-03 13:12:00,,,,,1
1056,ready,2025-07-03 13:07:00,2025-07-03 13:14:00,,,,,1
1057,ready,2025-07-03 13:07:00,2025-07-03 13:14:00,,,,,1
1058,ready,2025-07-03 13:08:00,2025-07-03 13:15:00,,,,,1
1059,ready,2025-07-03 13:08:00,2025-07-03 13:15:00,,,,,1
1060,delivered,2025-07-03 13:08:00,2025-07-03 13:14:00,2025-07-03 14:05:00,2025-07-03 15:01:40.400,113.67333333333333,51.0,1
1061,ready,2025-07-03 13:08:00,2025-07-03 13:16:00,,,,,1
1062,ready,2025-07-03 13:08:00,2025-07-03 13:17:00,,,,,1
1063,ready,2025-07-03 13:08:00,2025-07-03 13:18:00,,,,,1
1064,ready,2025-07-03 13:08:00,2025-07-03 13:14:00,,,,,1
1065,ready,2025-07-03 13:08:00,2025-07-03 13:16:00,,,,,1
1066,ready,2025-07-03 13:08:00,2025-07-03 13:13:00,,,,,1
1067,ready,2025-07-03 13:08:00,2025-07-03 13:20:00,,,,,1
1068,ready,2025-07-03 13:08:00,2025-07-03 13:15:00,,,,,1
1069,ready,2025-07-03 13:08:00,2025-07-03 13:16:00,,,,,1
1070,ready,2025-07-03 13:09:00,2025-07-03 13:15:00,,,,,1
1071,ready,2025-07-03 13:09:00,2025-07-03 13:18:00,,,,,1
1072,ready,2025-07-03 13:09:00,2025-07-03 13:17:00,,,,,1
1073,ready,2025-07-03 13:09:00,2025-07-03 13:17:00,,,,,1
1074,ready,2025-07-03 13:09:00,2025-07-03 13:18:00,,,,,1
1075,ready,2025-07-03 13:09:00,2025-07-03 13:17:00,,,,,1
1076,ready,2025-07-03 13:09:00,2025-07-03 13:17:00,,,,,1
1077,ready,2025-07-03 13:10:00,2025-07-03 13:15:00,,,,,1
1078,ready,2025-07-03 13:10:00,2025-07-03 13:19:00,,,,,1
1079,ready,2025-07-03 13:10:00,2025-07-03 13:17:00,,,,,1
1080,ready,2025-07-03 13:10:00,2025-07-03 13:16:00,,,,,1
1081,ready,2025-07-03 13:10:00,2025-07-03 13:17:00,,,,,1
1082,ready,2025-07-03 13:10:00,2025-07-03 13:18:00,,,,,1
1083,ready,2025-07-03 13:10:00,2025-07-03 13:19:00,,,,,1
1084,ready,2025-07-03 13:10:00,2025-07-03 13:18:00,,,,,1
1085,delivered,2025-07-03 13:11:00,2025-07-03 13:18:00,2025-07-03 14:15:00,2025-07-03 14:24:42.000,73.7,57.0,1
1086,ready,2025-07-03 13:11:00,2025-07-03 13:19:00,,,,,1
1087,ready,2025-07-03 13:11:00,2025-07-03 13:18:00,,,,,1
1088,ready,2025-07-03 13:11:00,2025-07-03 13:17:00,,,,,1
1089,ready,2025-07-03 13:11:00,2025-07-03 13:19:00,,,,,1
1090,ready,2025-07-03 13:11:00,2025-07-03 13:17:00,,,,,1
1091,ready,2025-07-03 13:11:00,2025-07-03 13:20:00,,,,,1
1092,ready,2025-07-03 13:11:00,2025-07-03 13:20:00,,,,,1
1093,ready,2025-07-03 13:11:00,2025-07-03 13:20:00,,,,,1
1094,ready,2025-07-03 13:12:00,2025-07-03 13:18:00,,,,,1
1095,ready,2025-07-03 13:12:00,2025-07-03 13:17:00,,,,,1
1096,ready,2025-07-03 13:12:00,2025-07-03 13:22:00,,,,,1
1097,ready,2025-07-03 13:12:00,2025-07-03 13:19:00,,,,,1
1098,ready,2025-07-03 13:12:00,2025-07-03 13:16:00,,,,,1
1099,ready,2025-07-03 13:12:00,2025-07-03 13:26:00,,,,,1
1100,ready,2025-07-03 13:12:00,2025-07-03 13:19:00,,,,,1
1101,ready,2025-07-03 13:13:00,2025-07-03 13:17:00,,,,,1
1102,ready,2025-07-03 13:13:00,2025-07-03 13:23:00,,,,,1
1103,ready,2025-07-03 13:13:00,2025-07-03 13:21:00,,,,,1
1104,ready,2025-07-03 13:13:00,2025-07-03 13:18:00,,,,,1
1105,ready,2025-07-03 13:13:00,2025-07-03 13:18:00,,,,,1
1106,ready,2025-07-03 13:13:00,2025-07-03 13:19:00,,,,,1
1107,ready,2025-07-03 13:13:00,2025-07-03 13:23:00,,,,,1
1108,ready,2025-07-03 13:13:00,2025-07-03 13:22:00,,,,,1
1109,delivered,2025-07-03 13:13:00,2025-07-03 13:18:00,2025-07-03 14:15:00,2025-07-03 14:23:08.700,70.145,57.0,1
1110,ready,2025-07-03 13:14:00,2025-07-03 13:22:00,,,,,1
1111,ready,2025-07-03 13:14:00,2025-07-03 13:22:00,,,,,1
1112,ready,2025-07-03 13:14:00,2025-07-03 13:21:00,,,,,1
1113,ready,2025-07-03 13:14:00,2025-07-03 13:22:00,,,,,1
1114,ready,2025-07-03 13:14:00,2025-07-03 13:26:00,,,,,1
1115,ready,2025-07-03 13:14:00,2025-07-03 13:21:00,,,,,1
1116,ready,2025-07-03 13:15:00,2025-07-03 13:21:00,,,,,1
1117,ready,2025-07-03 13:15:00,2025-07-03 13:22:00,,,,,1
1118,ready,2025-07-03 13:15:00,2025-07-03 13:21:00,,,,,1
1119,ready,2025-07-03 13:15:00,2025-07-03 13:22:00,,,,,1
1120,ready,2025-07-03 13:15:00,2025-07-03 13:22:00,,,,,1
1121,ready,2025-07-03 13:16:00,2025-07-03 13:24:00,,,,,1
1122,ready,2025-07-03 13:16:00,2025-07-03 13:23:00,,,,,1
1123,ready,2025-07-03 13:16:00,2025-07-03 13:21:00,,,,,1
1124,ready,2025-07-03 13:16:00,2025-07-03 13:23:00,,,,,1
1125,ready,2025-07-03 13:16:00,2025-07-03 13:20:00,,,,,1
1126,delivered,2025-07-03 13:16:00,2025-07-03 13:23:00,2025-07-03 14:30:00,2025-07-03 15:22:43.200,126.72,67.0,1
1127,ready,2025-07-03 13:16:00,2025-07-03 13:25:00,,,,,1
1128,ready,2025-07-03 13:16:00,2025-07-03 13:24:00,,,,,1
1129,ready,2025-07-03 13:17:00,2025-07-03 13:21:00,,,,,1
1130,ready,2025-07-03 13:17:00,2025-07-03 13:25:00,,,,,1
1131,ready,2025-07-03 13:17:00,2025-07-03 13:24:00,,,,,1
1132,ready,2025-07-03 13:17:00,2025-07-03 13:26:00,,,,,1
1133,ready,2025-07-03 13:17:00,2025-07-03 13:25:00,,,,,1
1134,delivered,2025-07-03 13:17:00,2025-07-03 13:23:00,2025-07-03 14:30:00,2025-07-03 14:38:27.000,81.45,67.0,1
1135,ready,2025-07-03 13:17:00,2025-07-03 13:21:00,,,,,1
1136,ready,2025-07-03 13:17:00,2025-07-03 13:26:00,,,,,1
1137,ready,2025-07-03 13:18:00,2025-07-03 13:24:00,,,,,1
1138,ready,2025-07-03 13:18:00,2025-07-03 13:24:00,,,,,1
1139,ready,2025-07-03 13:18:00,2025-07-03 13:27:00,,,,,1
1140,ready,2025-07-03 13:18:00,2025-07-03 13:26:00,,,,,1
1141,ready,2025-07-03 13:18:00,2025-07-03 13:22:00,,,,,1
1142,ready,2025-07-03 13:18:00,2025-07-03 13:25:00,,,,,1
1143,ready,2025-07-03 13:18:00,2025-07-03 13:22:00,,,,,1
1144,ready,2025-07-03 13:18:00,2025-07-03 13:29:00,,,,,1
1145,ready,2025-07-03 13:18:00,2025-07-03 13:26:00,,,,,1
1146,ready,2025-07-03 13:18:00,2025-07-03 13:25:00,,,,,1
1147,ready,2025-07-03 13:19:00,2025-07-03 13:27:00,,,,,1
1148,ready,2025-07-03 13:19:00,2025-07-03 13:27:00,,,,,1
1149,ready,2025-07-03 13:19:00,2025-07-03 13:30:00,,,,,1
1150,ready,2025-07-03 13:19:00,2025-07-03 13:31:00,,,,,1
1151,ready,2025-07-03 13:19:00,2025-07-03 13:28:00,,,,,1
1152,ready,2025-07-03 13:20:00,2025-07-03 13:29:00,,,,,1
1153,ready,2025-07-03 13:20:00,2025-07-03 13:26:00,,,,,1
1154,ready,2025-07-03 13:20:00,2025-07-03 13:24:00,,,,,1
1155,ready,2025-07-03 13:20:00,2025-07-03 13:25:00,,,,,1
1156,ready,2025-07-03 13:20:00,2025-07-03 13:24:00,,,,,1
1157,ready,2025-07-03 13:20:00,2025-07-03 13:29:00,,,,,1
1158,ready,2025-07-03 13:20:00,2025-07-03 13:27:00,,,,,1
1159,ready,2025-07-03 13:21:00,2025-07-03 13:29:00,,,,,1
1160,ready,2025-07-03 13:21:00,2025-07-03 13:28:00,,,,,1
1161,ready,2025-07-03 13:21:00,2025-07-03 13:29:00,,,,,1
1162,ready,2025-07-03 13:21:00,2025-07-03 13:29:00,,,,,1
1163,ready,2025-07-03 13:21:00,2025-07-03 13:29:00,,,,,1
1164,ready,2025-07-03 13:21:00,2025-07-03 13:28:00,,,,,1
1165,ready,2025-07-03 13:21:00,2025-07-03 13:27:00,,,,,1
1166,ready,2025-07-03 13:22:00,2025-07-03 13:31:00,,,,,1
1167,ready,2025-07-03 13:22:00,2025-07-03 13:27:00,,,,,1
1168,ready,2025-07-03 13:22:00,2025-07-03 13:32:00,,,,,1
1169,delivered,2025-07-03 13:22:00,2025-07-03 13:29:00,2025-07-03 14:40:00,2025-07-03 15:33:23.500,131.39166666666668,71.0,1
1170,ready,2025-07-03 13:22:00,2025-07-03 13:32:00,,,,,1
1171,ready,2025-07-03 13:22:00,2025-07-03 13:28:00,,,,,1
1172,ready,2025-07-03 13:23:00,2025-07-03 13:29:00,,,,,1
1173,delivered,2025-07-03 13:23:00,2025-07-03 13:29:00,2025-07-03 14:45:00,2025-07-03 14:52:27.000,89.45,76.0,1
1174,ready,2025-07-03 13:23:00,2025-07-03 13:28:00,,,,,1
1175,ready,2025-07-03 13:23:00,2025-07-03 13:31:00,,,,,1
1176,ready,2025-07-03 13:23:00,2025-07-03 13:34:00,,,,,1
1177,ready,2025-07-03 13:23:00,2025-07-03 13:29:00,,,,,1
1178,ready,2025-07-03 13:23:00,2025-07-03 13:30:00,,,,,1
1179,ready,2025-07-03 13:23:00,2025-07-03 13:35:00,,,,,1
1180,ready,2025-07-03 13:23:00,2025-07-03 13:28:00,,,,,1
1181,ready,2025-07-03 13:23:00,2025-07-03 13:29:00,,,,,1
1182,ready,2025-07-03 13:23:00,2025-07-03 13:32:00,,,,,1
1183,ready,2025-07-03 13:24:00,2025-07-03 13:28:00,,,,,1
1184,ready,2025-07-03 13:24:00,2025-07-03 13:32:00,,,,,1
1185,delivered,2025-07-03 13:24:00,2025-07-03 13:28:00,2025-07-03 15:00:00,2025-07-03 15:05:46.500,101.775,92.0,1
1186,ready,2025-07-03 13:24:00,2025-07-03 13:30:00,,,,,1
1187,ready,2025-07-03 13:24:00,2025-07-03 13:34:00,,,,,1
1188,ready,2025-07-03 13:24:00,2025-07-03 13:33:00,,,,,1
1189,ready,2025-07-03 13:24:00,2025-07-03 13:34:00,,,,,1
1190,ready,2025-07-03 13:24:00,2025-07-03 13:34:00,,,,,1
1191,ready,2025-07-03 13:24:00,2025-07-03 13:33:00,,,,,1
1192,ready,2025-07-03 13:24:00,2025-07-03 13:32:00,,,,,1
1193,ready,2025-07-03 13:25:00,2025-07-03 13:34:00,,,,,1
1194,ready,2025-07-03 13:25:00,2025-07-03 13:30:00,,,,,1
1195,ready,2025-07-03 13:25:00,2025-07-03 13:33:00,,,,,1
1196,ready,2025-07-03 13:25:00,2025-07-03 13:34:00,,,,,1
1197,ready,2025-07-03 13:25:00,2025-07-03 13:35:00,,,,,1
1198,ready,2025-07-03 13:25:00,2025-07-03 13:31:00,,,,,1
1199,ready,2025-07-03 13:25:00,2025-07-03 13:34:00,,,,,1
1200,ready,2025-07-03 13:25:00,2025-07-03 13:30:00,,,,,1
1201,ready,2025-07-03 13:25:00,2025-07-03 13:35:00,,,,,1
1202,ready,2025-07-03 13:26:00,2025-07-03 13:37:00,,,,,1
1203,delivered,2025-07-03 13:26:00,2025-07-03 13:31:00,2025-07-03 15:00:00,2025-07-03 15:07:24.000,101.4,89.0,1
1204,ready,2025-07-03 13:26:00,2025-07-03 13:33:00,,,,,1
1205,ready,2025-07-03 13:26:00,2025-07-03 13:35:00,,,,,1
1206,ready,2025-07-03 13:26:00,2025-07-03 13:38:00,,,,,1
1207,ready,2025-07-03 13:26:00,2025-07-03 13:32:00,,,,,1
1208,ready,2025-07-03 13:26:00,2025-07-03 13:34:00,,,,,1
1209,ready,2025-07-03 13:26:00,2025-07-03 13:33:00,,,,,1
1210,ready,2025-07-03 13:26:00,2025-07-03 13:31:00,,,,,1
1211,ready,2025-07-03 13:26:00,2025-07-03 13:33:00,,,,,1
1212,ready,2025-07-03 13:26:00,2025-07-03 13:30:00,,,,,1
1213,ready,2025-07-03 13:26:00,2025-07-03 13:36:00,,,,,1
1214,ready,2025-07-03 13:27:00,2025-07-03 13:35:00,,,,,1
1215,ready,2025-07-03 13:27:00,2025-07-03 13:35:00,,,,,1
1216,ready,2025-07-03 13:27:00,2025-07-03 13:34:00,,,,,1
1217,ready,2025-07-03 13:27:00,2025-07-03 13:32:00,,,,,1
1218,ready,2025-07-03 13:27:00,2025-07-03 13:35:00,,,,,1
1219,ready,2025-07-03 13:27:00,2025-07-03 13:38:00,,,,,1
1220,ready,2025-07-03 13:27:00,2025-07-03 13:33:00,,,,,1
1221,ready,2025-07-03 13:27:00,2025-07-03 13:36:00,,,,,1
1222,ready,2025-07-03 13:27:00,2025-07-03 13:34:00,,,,,1
1223,ready,2025-07-03 13:27:00,2025-07-03 13:36:00,,,,,1
1224,ready,2025-07-03 13:27:00,2025-07-03 13:34:00,,,,,1
1225,ready,2025-07-03 13:27:00,2025-07-03 13:36:00,,,,,1
1226,ready,2025-07-03 13:28:00,2025-07-03 13:34:00,,,,,1
1227,ready,2025-07-03 13:28:00,2025-07-03 13:34:00,,,,,1
1228,ready,2025-07-03 13:28:00,2025-07-03 13:32:00,,,,,1
1229,ready,2025-07-03 13:28:00,2025-07-03 13:35:00,,,,,1
1230,ready,2025-07-03 13:28:00,2025-07-03 13:35:00,,,,,1
1231,ready,2025-07-03 13:28:00,2025-07-03 13:33:00,,,,,1
1232,ready,2025-07-03 13:28:00,2025-07-03 13:34:00,,,,,1
1233,ready,2025-07-03 13:28:00,2025-07-03 13:35:00,,,,,1
1234,ready,2025-07-03 13:29:00,2025-07-03 13:40:00,,,,,1
1235,ready,2025-07-03 13:29:00,2025-07-03 13:33:00,,,,,1
1236,ready,2025-07-03 13:29:00,2025-07-03 13:37:00,,,,,1
1237,ready,2025-07-03 13:29:00,2025-07-03 13:37:00,,,,,1
1238,ready,2025-07-03 13:29:00,2025-07-03 13:36:00,,,,,1
1239,ready,2025-07-03 13:29:00,2025-07-03 13:39:00,,,,,1
1240,ready,2025-07-03 13:29:00,2025-07-03 13:37:00,,,,,1
1241,ready,2025-07-03 13:30:00,2025-07-03 13:36:00,,,,,1
1242,ready,2025-07-03 13:30:00,2025-07-03 13:34:00,,,,,1
1243,ready,2025-07-03 13:30:00,2025-07-03 13:37:00,,,,,1
1244,ready,2025-07-03 13:30:00,2025-07-03 13:34:00,,,,,1
1245,ready,2025-07-03 13:30:00,2025-07-03 13:38:00,,,,,1
1246,ready,2025-07-03 13:31:00,2025-07-03 13:39:00,,,,,1
1247,ready,2025-07-03 13:31:00,2025-07-03 13:37:00,,,,,1
1248,ready,2025-07-03 13:31:00,2025-07-03 13:40:00,,,,,1
1249,ready,2025-07-03 13:32:00,2025-07-03 13:41:00,,,,,1
1250,ready,2025-07-03 13:32:00,2025-07-03 13:41:00,,,,,1
1251,ready,2025-07-03 13:32:00,2025-07-03 13:40:00,,,,,1
1252,ready,2025-07-03 13:32:00,2025-07-03 13:40:00,,,,,1
1253,ready,2025-07-03 13:32:00,2025-07-03 13:38:00,,,,,1
1254,ready,2025-07-03 13:32:00,2025-07-03 13:38:00,,,,,1
1255,ready,2025-07-03 13:33:00,2025-07-03 13:39:00,,,,,1
1256,ready,2025-07-03 13:33:00,2025-07-03 13:38:00,,,,,1
1257,ready,2025-07-03 13:33:00,2025-07-03 13:39:00,,,,,1
1258,ready,2025-07-03 13:33:00,2025-07-03 13:38:00,,,,,1
1259,ready,2025-07-03 13:33:00,2025-07-03 13:40:00,,,,,1
1260,ready,2025-07-03 13:33:00,2025-07-03 13:40:00,,,,,1
1261,ready,2025-07-03 13:33:00,2025-07-03 13:39:00,,,,,1
1262,ready,2025-07-03 13:33:00,2025-07-03 13:39:00,,,,,1
1263,ready,2025-07-03 13:33:00,2025-07-03 13:39:00,,,,,1
1264,ready,2025-07-03 13:34:00,2025-07-03 13:40:00,,,,,1
1265,ready,2025-07-03 13:34:00,2025-07-03 13:41:00,,,,,1
1266,ready,2025-07-03 13:34:00,2025-07-03 13:38:00,,,,,1
1267,ready,2025-07-03 13:34:00,2025-07-03 13:42:00,,,,,1
1268,ready,2025-07-03 13:34:00,2025-07-03 13:42:00,,,,,1
1269,ready,2025-07-03 13:34:00,2025-07-03 13:41:00,,,,,1
1270,ready,2025-07-03 13:34:00,2025-07-03 13:40:00,,,,,1
1271,ready,2025-07-03 13:34:00,2025-07-03 13:41:00,,,,,1
1272,ready,2025-07-03 13:34:00,2025-07-03 13:45:00,,,,,1
1273,ready,2025-07-03 13:34:00,2025-07-03 13:43:00,,,,,1
1274,ready,2025-07-03 13:34:00,2025-07-03 13:46:00,,,,,1
1275,ready,2025-07-03 13:34:00,2025-07-03 13:42:00,,,,,1
1276,ready,2025-07-03 13:35:00,2025-07-03 13:39:00,,,,,1
1277,ready,2025-07-03 13:35:00,2025-07-03 13:41:00,,,,,1
1278,ready,2025-07-03 13:35:00,2025-07-03 13:39:00,,,,,1
1279,ready,2025-07-03 13:35:00,2025-07-03 13:41:00,,,,,1
1280,ready,2025-07-03 13:35:00,2025-07-03 13:41:00,,,,,1
1281,ready,2025-07-03 13:35:00,2025-07-03 13:39:00,,,,,1
1282,ready,2025-07-03 13:35:00,2025-07-03 13:45:00,,,,,1
1283,ready,2025-07-03 13:35:00,2025-07-03 13:45:00,,,,,1
1284,ready,2025-07-03 13:36:00,2025-07-03 13:42:00,,,,,1
1285,ready,2025-07-03 13:36:00,2025-07-03 13:47:00,,,,,1
1286,ready,2025-07-03 13:36:00,2025-07-03 13:44:00,,,,,1
1287,ready,2025-07-03 13:36:00,2025-07-03 13:44:00,,,,,1
1288,ready,2025-07-03 13:36:00,2025-07-03 13:43:00,,,,,1
1289,ready,2025-07-03 13:36:00,2025-07-03 13:42:00,,,,,1
1290,ready,2025-07-03 13:36:00,2025-07-03 13:44:00,,,,,1
1291,ready,2025-07-03 13:36:00,2025-07-03 13:45:00,,,,,1
1292,ready,2025-07-03 13:36:00,2025-07-03 13:44:00,,,,,1
1293,ready,2025-07-03 13:36:00,2025-07-03 13:47:00,,,,,1
1294,ready,2025-07-03 13:36:00,2025-07-03 13:43:00,,,,,1
1295,ready,2025-07-03 13:37:00,2025-07-03 13:44:00,,,,,1
1296,ready,2025-07-03 13:37:00,2025-07-03 13:46:00,,,,,1
1297,ready,2025-07-03 13:37:00,2025-07-03 13:42:00,,,,,1
1298,ready,2025-07-03 13:37:00,2025-07-03 13:46:00,,,,,1
1299,ready,2025-07-03 13:37:00,2025-07-03 13:46:00,,,,,1
1300,ready,2025-07-03 13:37:00,2025-07-03 13:42:00,,,,,1
1301,ready,2025-07-03 13:37:00,2025-07-03 13:43:00,,,,,1
1302,ready,2025-07-03 13:37:00,2025-07-03 13:44:00,,,,,1
1303,ready,2025-07-03 13:37:00,2025-07-03 13:46:00,,,,,1
1304,ready,2025-07-03 13:37:00,2025-07-03 13:45:00,,,,,1
1305,ready,2025-07-03 13:38:00,2025-07-03 13:49:00,,,,,1
1306,ready,2025-07-03 13:38:00,2025-07-03 13:45:00,,,,,1
1307,ready,2025-07-03 13:38:00,2025-07-03 13:47:00,,,,,1
1308,ready,2025-07-03 13:38:00,2025-07-03 13:44:00,,,,,1
1309,ready,2025-07-03 13:38:00,2025-07-03 13:46:00,,,,,1
1310,ready,2025-07-03 13:38:00,2025-07-03 13:52:00,,,,,1
1311,ready,2025-07-03 13:38:00,2025-07-03 13:43:00,,,,,1
1312,ready,2025-07-03 13:38:00,2025-07-03 13:42:00,,,,,1
1313,ready,2025-07-03 13:38:00,2025-07-03 13:48:00,,,,,1
1314,ready,2025-07-03 13:38:00,2025-07-03 13:47:00,,,,,1
1315,ready,2025-07-03 13:38:00,2025-07-03 13:48:00,,,,,1
1316,ready,2025-07-03 13:39:00,2025-07-03 13:46:00,,,,,1
1317,ready,2025-07-03 13:39:00,2025-07-03 13:49:00,,,,,1
1318,ready,2025-07-03 13:39:00,2025-07-03 13:47:00,,,,,1
1319,ready,2025-07-03 13:39:00,2025-07-03 13:51:00,,,,,1
1320,ready,2025-07-03 13:39:00,2025-07-03 13:47:00,,,,,1
1321,ready,2025-07-03 13:39:00,2025-07-03 13:45:00,,,,,1
1322,ready,2025-07-03 13:39:00,2025-07-03 13:47:00,,,,,1
1323,ready,2025-07-03 13:39:00,2025-07-03 13:47:00,,,,,1
1324,ready,2025-07-03 13:40:00,2025-07-03 13:48:00,,,,,1
1325,ready,2025-07-03 13:40:00,2025-07-03 13:45:00,,,,,1
1326,ready,2025-07-03 13:40:00,2025-07-03 13:48:00,,,,,1
1327,ready,2025-07-03 13:40:00,2025-07-03 13:48:00,,,,,1
1328,ready,2025-07-03 13:40:00,2025-07-03 13:48:00,,,,,1
1329,ready,2025-07-03 13:40:00,2025-07-03 13:49:00,,,,,1
1330,ready,2025-07-03 13:41:00,2025-07-03 13:45:00,,,,,1
1331,ready,2025-07-03 13:41:00,2025-07-03 13:46:00,,,,,1
1332,ready,2025-07-03 13:41:00,2025-07-03 13:51:00,,,,,1
1333,ready,2025-07-03 13:41:00,2025-07-03 13:51:00,,,,,1
1334,ready,2025-07-03 13:41:00,2025-07-03 13:49:00,,,,,1
1335,ready,2025-07-03 13:41:00,2025-07-03 13:49:00,,,,,1
1336,ready,2025-07-03 13:41:00,2025-07-03 13:47:00,,,,,1
1337,ready,2025-07-03 13:41:00,2025-07-03 13:48:00,,,,,1
1338,ready,2025-07-03 13:41:00,2025-07-03 13:49:00,,,,,1
1339,ready,2025-07-03 13:41:00,2025-07-03 13:48:00,,,,,1
1340,ready,2025-07-03 13:41:00,2025-07-03 13:45:00,,,,,1
1341,ready,2025-07-03 13:42:00,2025-07-03 13:50:00,,,,,1
1342,ready,2025-07-03 13:42:00,2025-07-03 13:48:00,,,,,1
1343,ready,2025-07-03 13:42:00,2025-07-03 13:51:00,,,,,1
1344,ready,2025-07-03 13:43:00,2025-07-03 13:47:00,,,,,1
1345,ready,2025-07-03 13:43:00,2025-07-03 13:48:00,,,,,1
1346,ready,2025-07-03 13:43:00,2025-07-03 13:52:00,,,,,1
1347,ready,2025-07-03 13:43:00,2025-07-03 13:53:00,,,,,1
1348,ready,2025-07-03 13:43:00,2025-07-03 13:51:00,,,,,1
1349,ready,2025-07-03 13:43:00,2025-07-03 13:52:00,,,,,1
1350,ready,2025-07-03 13:43:00,2025-07-03 13:50:00,,,,,1
1351,ready,2025-07-03 13:43:00,2025-07-03 13:49:00,,,,,1
1352,ready,2025-07-03 13:44:00,2025-07-03 13:50:00,,,,,1
1353,ready,2025-07-03 13:44:00,2025-07-03 13:52:00,,,,,1
1354,ready,2025-07-03 13:44:00,2025-07-03 13:50:00,,,,,1
1355,ready,2025-07-03 13:44:00,2025-07-03 13:50:00,,,,,1
1356,ready,2025-07-03 13:44:00,2025-07-03 13:54:00,,,,,1
1357,ready,2025-07-03 13:44:00,2025-07-03 13:52:00,,,,,1
1358,ready,2025-07-03 13:44:00,2025-07-03 13:52:00,,,,,1
1359,ready,2025-07-03 13:44:00,2025-07-03 13:51:00,,,,,1
1360,ready,2025-07-03 13:45:00,2025-07-03 13:50:00,,,,,1
1361,ready,2025-07-03 13:45:00,2025-07-03 13:55:00,,,,,1
1362,ready,2025-07-03 13:45:00,2025-07-03 13:54:00,,,,,1
1363,ready,2025-07-03 13:45:00,2025-07-03 13:50:00,,,,,1
1364,ready,2025-07-03 13:45:00,2025-07-03 13:52:00,,,,,1
1365,ready,2025-07-03 13:45:00,2025-07-03 13:51:00,,,,,1
1366,ready,2025-07-03 13:45:00,2025-07-03 13:56:00,,,,,1
1367,ready,2025-07-03 13:45:00,2025-07-03 13:50:00,,,,,1
1368,ready,2025-07-03 13:46:00,2025-07-03 13:53:00,,,,,1
1369,ready,2025-07-03 13:46:00,2025-07-03 13:51:00,,,,,1
1370,ready,2025-07-03 13:46:00,2025-07-03 13:53:00,,,,,1
1371,ready,2025-07-03 13:46:00,2025-07-03 13:57:00,,,,,1
1372,ready,2025-07-03 13:46:00,2025-07-03 13:54:00,,,,,1
1373,ready,2025-07-03 13:46:00,2025-07-03 13:52:00,,,,,1
1374,ready,2025-07-03 13:46:00,2025-07-03 13:52:00,,,,,1
1375,ready,2025-07-03 13:46:00,2025-07-03 13:52:00,,,,,1
1376,ready,2025-07-03 13:47:00,2025-07-03 13:53:00,,,,,1
1377,ready,2025-07-03 13:47:00,2025-07-03 14:00:00,,,,,1
1378,ready,2025-07-03 13:47:00,2025-07-03 13:56:00,,,,,1
1379,ready,2025-07-03 13:47:00,2025-07-03 13:55:00,,,,,1
1380,ready,2025-07-03 13:47:00,2025-07-03 13:53:00,,,,,1
1381,ready,2025-07-03 13:47:00,2025-07-03 13:56:00,,,,,1
1382,ready,2025-07-03 13:48:00,2025-07-03 13:55:00,,,,,1
1383,ready,2025-07-03 13:48:00,2025-07-03 13:57:00,,,,,1
1384,ready,2025-07-03 13:48:00,2025-07-03 13:55:00,,,,,1
1385,ready,2025-07-03 13:48:00,2025-07-03 13:56:00,,,,,1
1386,ready,2025-07-03 13:48:00,2025-07-03 13:54:00,,,,,1
1387,ready,2025-07-03 13:48:00,2025-07-03 13:53:00,,,,,1
1388,ready,2025-07-03 13:48:00,2025-07-03 13:58:00,,,,,1
1389,ready,2025-07-03 13:48:00,2025-07-03 13:56:00,,,,,1
1390,ready,2025-07-03 13:48:00,2025-07-03 13:52:00,,,,,1
1391,ready,2025-07-03 13:48:00,2025-07-03 13:55:00,,,,,1
1392,ready,2025-07-03 13:48:00,2025-07-03 13:55:00,,,,,1
1393,ready,2025-07-03 13:48:00,2025-07-03 13:54:00,,,,,1
1394,ready,2025-07-03 13:49:00,2025-07-03 13:55:00,,,,,1
1395,ready,2025-07-03 13:49:00,2025-07-03 13:55:00,,,,,1
1396,ready,2025-07-03 13:49:00,2025-07-03 13:55:00,,,,,1
1397,ready,2025-07-03 13:49:00,2025-07-03 13:55:00,,,,,1
1398,ready,2025-07-03 13:49:00,2025-07-03 13:59:00,,,,,1
1399,ready,2025-07-03 13:49:00,2025-07-03 13:54:00,,,,,1
1400,ready,2025-07-03 13:49:00,2025-07-03 13:56:00,,,,,1
1401,ready,2025-07-03 13:49:00,2025-07-03 13:53:00,,,,,1
1402,ready,2025-07-03 13:49:00,2025-07-03 14:00:00,,,,,1
1403,ready,2025-07-03 13:49:00,2025-07-03 13:56:00,,,,,1
1404,ready,2025-07-03 13:50:00,2025-07-03 13:57:00,,,,,1
1405,ready,2025-07-03 13:50:00,2025-07-03 14:00:00,,,,,1
1406,ready,2025-07-03 13:50:00,2025-07-03 13:57:00,,,,,1
1407,ready,2025-07-03 13:50:00,2025-07-03 13:56:00,,,,,1
1408,ready,2025-07-03 13:50:00,2025-07-03 13:58:00,,,,,1
1409,ready,2025-07-03 13:50:00,2025-07-03 13:55:00,,,,,1
1410,ready,2025-07-03 13:50:00,2025-07-03 13:56:00,,,,,1
1411,ready,2025-07-03 13:50:00,2025-07-03 13:57:00,,,,,1
1412,ready,2025-07-03 13:51:00,2025-07-03 14:03:00,,,,,1
1413,ready,2025-07-03 13:51:00,2025-07-03 13:55:00,,,,,1
1414,ready,2025-07-03 13:51:00,2025-07-03 14:01:00,,,,,1
1415,ready,2025-07-03 13:51:00,2025-07-03 13:56:00,,,,,1
1416,ready,2025-07-03 13:51:00,2025-07-03 13:57:00,,,,,1
1417,ready,2025-07-03 13:51:00,2025-07-03 14:00:00,,,,,1
1418,ready,2025-07-03 13:51:00,2025-07-03 13:55:00,,,,,1
1419,ready,2025-07-03 13:51:00,2025-07-03 13:58:00,,,,,1
1420,ready,2025-07-03 13:51:00,2025-07-03 14:00:00,,,,,1
1421,ready,2025-07-03 13:52:00,2025-07-03 14:01:00,,,,,1
1422,ready,2025-07-03 13:52:00,2025-07-03 13:59:00,,,,,1
1423,ready,2025-07-03 13:52:00,2025-07-03 14:01:00,,,,,1
1424,ready,2025-07-03 13:52:00,2025-07-03 14:00:00,,,,,1
1425,ready,2025-07-03 13:52:00,2025-07-03 13:59:00,,,,,1
1426,ready,2025-07-03 13:52:00,2025-07-03 14:01:00,,,,,1
1427,ready,2025-07-03 13:52:00,2025-07-03 13:59:00,,,,,1
1428,ready,2025-07-03 13:52:00,2025-07-03 14:04:00,,,,,1
1429,ready,2025-07-03 13:52:00,2025-07-03 14:00:00,,,,,1
1430,ready,2025-07-03 13:52:00,2025-07-03 14:00:00,,,,,1
1431,ready,2025-07-03 13:53:00,2025-07-03 14:00:00,,,,,1
1432,ready,2025-07-03 13:53:00,2025-07-03 13:58:00,,,,,1
1433,ready,2025-07-03 13:53:00,2025-07-03 14:00:00,,,,,1
1434,ready,2025-07-03 13:53:00,2025-07-03 14:00:00,,,,,1
1435,ready,2025-07-03 13:53:00,2025-07-03 14:04:00,,,,,1
1436,ready,2025-07-03 13:53:00,2025-07-03 14:01:00,,,,,1
1437,ready,2025-07-03 13:53:00,2025-07-03 13:59:00,,,,,1
1438,ready,2025-07-03 13:53:00,2025-07-03 14:02:00,,,,,1
1439,ready,2025-07-03 13:53:00,2025-07-03 14:02:00,,,,,1
1440,ready,2025-07-03 13:53:00,2025-07-03 14:07:00,,,,,1
1441,ready,2025-07-03 13:53:00,2025-07-03 13:59:00,,,,,1
1442,ready,2025-07-03 13:54:00,2025-07-03 14:01:00,,,,,1
1443,ready,2025-07-03 13:54:00,2025-07-03 14:00:00,,,,,1
1444,ready,2025-07-03 13:54:00,2025-07-03 14:01:00,,,,,1
1445,ready,2025-07-03 13:54:00,2025-07-03 14:02:00,,,,,1
1446,ready,2025-07-03 13:54:00,2025-07-03 13:58:00,,,,,1
1447,ready,2025-07-03 13:54:00,2025-07-03 13:59:00,,,,,1
1448,ready,2025-07-03 13:54:00,2025-07-03 14:06:00,,,,,1
1449,ready,2025-07-03 13:55:00,2025-07-03 14:06:00,,,,,1
1450,ready,2025-07-03 13:55:00,2025-07-03 13:59:00,,,,,1
1451,ready,2025-07-03 13:55:00,2025-07-03 13:59:00,,,,,1
1452,ready,2025-07-03 13:55:00,2025-07-03 14:04:00,,,,,1
1453,ready,2025-07-03 13:55:00,2025-07-03 14:02:00,,,,,1
1454,ready,2025-07-03 13:55:00,2025-07-03 14:05:00,,,,,1
1455,ready,2025-07-03 13:56:00,2025-07-03 14:00:00,,,,,1
1456,ready,2025-07-03 13:56:00,2025-07-03 14:04:00,,,,,1
1457,ready,2025-07-03 13:56:00,2025-07-03 14:03:00,,,,,1
1458,ready,2025-07-03 13:56:00,2025-07-03 14:03:00,,,,,1
1459,ready,2025-07-03 13:56:00,2025-07-03 14:01:00,,,,,1
1460,ready,2025-07-03 13:56:00,2025-07-03 14:00:00,,,,,1
1461,ready,2025-07-03 13:56:00,2025-07-03 14:02:00,,,,,1
1462,ready,2025-07-03 13:56:00,2025-07-03 14:04:00,,,,,1
1463,ready,2025-07-03 13:56:00,2025-07-03 14:03:00,,,,,1
1464,ready,2025-07-03 13:56:00,2025-07-03 14:02:00,,,,,1
1465,ready,2025-07-03 13:56:00,2025-07-03 14:01:00,,,,,1
1466,ready,2025-07-03 13:56:00,2025-07-03 14:03:00,,,,,1
1467,ready,2025-07-03 13:57:00,2025-07-03 14:04:00,,,,,1
1468,ready,2025-07-03 13:57:00,2025-07-03 14:02:00,,,,,1
1469,ready,2025-07-03 13:57:00,2025-07-03 14:05:00,,,,,1
1470,ready,2025-07-03 13:57:00,2025-07-03 14:01:00,,,,,1
1471,ready,2025-07-03 13:57:00,2025-07-03 14:09:00,,,,,1
1472,ready,2025-07-03 13:57:00,2025-07-03 14:06:00,,,,,1
1473,ready,2025-07-03 13:57:00,2025-07-03 14:04:00,,,,,1
1474,ready,2025-07-03 13:58:00,2025-07-03 14:03:00,,,,,1
1475,ready,2025-07-03 13:58:00,2025-07-03 14:06:00,,,,,1
1476,ready,2025-07-03 13:59:00,2025-07-03 14:03:00,,,,,1
1477,ready,2025-07-03 13:59:00,2025-07-03 14:06:00,,,,,1
1478,ready,2025-07-03 13:59:00,2025-07-03 14:06:00,,,,,1
1479,ready,2025-07-03 13:59:00,2025-07-03 14:05:00,,,,,1
1480,ready,2025-07-03 13:59:00,2025-07-03 14:05:00,,,,,1
1481,ready,2025-07-03 13:59:00,2025-07-03 14:08:00,,,,,1
1482,ready,2025-07-03 13:59:00,2025-07-03 14:08:00,,,,,1
1483,ready,2025-07-03 13:59:00,2025-07-03 14:06:00,,,,,1
1484,ready,2025-07-03 13:59:00,2025-07-03 14:05:00,,,,,1
1485,ready,2025-07-03 13:59:00,2025-07-03 14:03:00,,,,,1
