order_id,status,placement_time,ready_time,pickup_time,delivery_time,click_to_door,ready_to_pickup,bundle_size
0,delivered,2025-07-03 11:00:00,2025-07-03 11:10:00,2025-07-03 11:00:00,2025-07-03 11:05:44.700,5.745,-10.0,1
1,delivered,2025-07-03 11:00:00,2025-07-03 11:09:00,2025-07-03 11:00:00,2025-07-03 11:05:27.200,5.453333333333333,-9.0,1
2,delivered,2025-07-03 11:00:00,2025-07-03 11:07:00,2025-07-03 11:00:00,2025-07-03 11:04:54.100,4.901666666666667,-7.0,1
3,delivered,2025-07-03 11:00:00,2025-07-03 11:07:00,2025-07-03 11:00:00,2025-07-03 11:05:21.700,5.361666666666666,-7.0,1
4,delivered,2025-07-03 11:00:00,2025-07-03 11:06:00,2025-07-03 11:00:00,2025-07-03 11:04:09.300,4.155,-6.0,1
5,delivered,2025-07-03 11:00:00,2025-07-03 11:04:00,2025-07-03 11:00:00,2025-07-03 11:04:33.600,4.5600000000000005,-4.0,1
6,delivered,2025-07-03 11:00:00,2025-07-03 11:07:00,2025-07-03 11:00:00,2025-07-03 11:02:29.300,2.4883333333333337,-7.0,1
7,delivered,2025-07-03 11:00:00,2025-07-03 11:08:00,2025-07-03 11:00:00,2025-07-03 11:04:09.800,4.163333333333333,-8.0,1
8,delivered,2025-07-03 11:00:00,2025-07-03 11:07:00,2025-07-03 11:00:00,2025-07-03 11:03:26.700,3.445,-7.0,1
9,delivered,2025-07-03 11:00:00,2025-07-03 11:08:00,2025-07-03 11:00:00,2025-07-03 11:04:33.800,4.5633333333333335,-8.0,1
10,ready,2025-07-03 11:01:00,2025-07-03 11:08:00,,,,,1
11,delivered,2025-07-03 11:01:00,2025-07-03 11:07:00,2025-07-03 11:05:00,2025-07-03 11:08:38.300,7.638333333333334,-2.0,1
12,ready,2025-07-03 11:01:00,2025-07-03 11:08:00,,,,,1
13,ready,2025-07-03 11:01:00,2025-07-03 11:11:00,,,,,1
14,ready,2025-07-03 11:01:00,2025-07-03 11:09:00,,,,,1
15,delivered,2025-07-03 11:02:00,2025-07-03 11:07:00,2025-07-03 13:05:00,2025-07-03 13:05:58.100,123.96833333333333,118.0,1
16,ready,2025-07-03 11:02:00,2025-07-03 11:09:00,,,,,1
17,ready,2025-07-03 11:02:00,2025-07-03 11:12:00,,,,,1
18,delivered,2025-07-03 11:02:00,2025-07-03 11:09:00,2025-07-03 11:05:00,2025-07-03 11:08:32.600,6.543333333333334,-4.0,1
19,delivered,2025-07-03 11:03:00,2025-07-03 11:12:00,2025-07-03 12:30:00,2025-07-03 12:36:16.500,93.275,78.0,1
20,delivered,2025-07-03 11:03:00,2025-07-03 11:13:00,2025-07-03 11:05:00,2025-07-03 11:08:23.000,5.383333333333334,-8.0,1
21,delivered,2025-07-03 11:03:00,2025-07-03 11:11:00,2025-07-03 12:30:00,2025-07-03 12:37:03.900,94.065,79.0,1
22,ready,2025-07-03 11:03:00,2025-07-03 11:12:00,,,,,1
23,delivered,2025-07-03 11:03:00,2025-07-03 11:11:00,2025-07-03 11:05:00,2025-07-03 11:08:04.500,5.075,-6.0,1
24,delivered,2025-07-03 11:03:00,2025-07-03 11:10:00,2025-07-03 11:05:00,2025-07-03 11:08:38.100,5.635000000000001,-5.0,1
25,delivered,2025-07-03 11:04:00,2025-07-03 11:10:00,2025-07-03 11:05:00,2025-07-03 11:08:52.000,4.866666666666666,-5.0,1
26,ready,2025-07-03 11:04:00,2025-07-03 11:10:00,,,,,1
27,delivered,2025-07-03 11:04:00,2025-07-03 11:10:00,2025-07-03 11:10:00,2025-07-03 11:14:47.000,10.783333333333333,0.0,1
28,delivered,2025-07-03 11:04:00,2025-07-03 11:09:00,2025-07-03 11:05:00,2025-07-03 11:07:44.500,3.7416666666666667,-4.0,1
29,delivered,2025-07-03 11:05:00,2025-07-03 11:12:00,2025-07-03 11:05:00,2025-07-03 11:07:07.200,2.12,-7.0,1
30,delivered,2025-07-03 11:05:00,2025-07-03 11:17:00,2025-07-03 11:05:00,2025-07-03 11:08:33.200,3.5533333333333332,-12.0,1
31,delivered,2025-07-03 11:05:00,2025-07-03 11:10:00,2025-07-03 11:05:00,2025-07-03 11:08:08.100,3.135,-5.0,1
32,ready,2025-07-03 11:05:00,2025-07-03 11:09:00,,,,,1
33,ready,2025-07-03 11:05:00,2025-07-03 11:15:00,,,,,1
34,ready,2025-07-03 11:05:00,2025-07-03 11:16:00,,,,,1
35,delivered,2025-07-03 11:06:00,2025-07-03 11:14:00,2025-07-03 11:10:00,2025-07-03 11:11:48.400,5.806666666666667,-4.0,1
36,delivered,2025-07-03 11:06:00,2025-07-03 11:14:00,2025-07-03 11:15:00,2025-07-03 11:17:38.000,11.633333333333333,1.0,1
37,delivered,2025-07-03 11:06:00,2025-07-03 11:12:00,2025-07-03 12:35:00,2025-07-03 12:38:35.400,92.58999999999999,83.0,1
38,ready,2025-07-03 11:06:00,2025-07-03 11:15:00,,,,,1
39,delivered,2025-07-03 11:06:00,2025-07-03 11:14:00,2025-07-03 11:10:00,2025-07-03 11:13:35.000,7.583333333333333,-4.0,1
40,ready,2025-07-03 11:07:00,2025-07-03 11:11:00,,,,,1
41,delivered,2025-07-03 11:07:00,2025-07-03 11:13:00,2025-07-03 11:10:00,2025-07-03 11:14:44.900,7.748333333333333,-3.0,1
42,ready,2025-07-03 11:07:00,2025-07-03 11:16:00,,,,,1
43,delivered,2025-07-03 11:07:00,2025-07-03 11:16:00,2025-07-03 12:45:00,2025-07-03 12:50:37.500,103.625,89.0,1
44,delivered,2025-07-03 11:07:00,2025-07-03 11:13:00,2025-07-03 12:45:00,2025-07-03 12:51:11.300,104.18833333333333,92.0,1
45,ready,2025-07-03 11:07:00,2025-07-03 11:16:00,,,,,1
46,ready,2025-07-03 11:08:00,2025-07-03 11:15:00,,,,,1
47,delivered,2025-07-03 11:08:00,2025-07-03 11:13:00,2025-07-03 12:35:00,2025-07-03 12:39:27.600,91.46000000000001,82.0,1
48,delivered,2025-07-03 11:08:00,2025-07-03 11:16:00,2025-07-03 12:35:00,2025-07-03 12:38:44.800,90.74666666666667,79.0,1
49,ready,2025-07-03 11:08:00,2025-07-03 11:13:00,,,,,1
50,ready,2025-07-03 11:08:00,2025-07-03 11:17:00,,,,,1
51,delivered,2025-07-03 11:08:00,2025-07-03 11:17:00,2025-07-03 11:10:00,2025-07-03 11:13:11.800,5.196666666666667,-7.0,1
52,delivered,2025-07-03 11:08:00,2025-07-03 11:18:00,2025-07-03 11:10:00,2025-07-03 11:13:05.000,5.083333333333333,-8.0,1
53,delivered,2025-07-03 11:08:00,2025-07-03 11:18:00,2025-07-03 11:15:00,2025-07-03 11:17:10.600,9.176666666666668,-3.0,1
54,delivered,2025-07-03 11:08:00,2025-07-03 11:13:00,2025-07-03 11:15:00,2025-07-03 11:17:41.300,9.688333333333333,2.0,1
55,ready,2025-07-03 11:08:00,2025-07-03 11:12:00,,,,,1
56,ready,2025-07-03 11:09:00,2025-07-03 11:21:00,,,,,1
57,ready,2025-07-03 11:09:00,2025-07-03 11:16:00,,,,,1
58,ready,2025-07-03 11:09:00,2025-07-03 11:17:00,,,,,1
59,ready,2025-07-03 11:09:00,2025-07-03 11:18:00,,,,,1
60,ready,2025-07-03 11:09:00,2025-07-03 11:18:00,,,,,1
61,ready,2025-07-03 11:10:00,2025-07-03 11:15:00,,,,,1
62,ready,2025-07-03 11:10:00,2025-07-03 11:19:00,,,,,1
63,ready,2025-07-03 11:10:00,2025-07-03 11:16:00,,,,,1
64,ready,2025-07-03 11:10:00,2025-07-03 11:15:00,,,,,1
65,ready,2025-07-03 11:10:00,2025-07-03 11:15:00,,,,,1
66,ready,2025-07-03 11:10:00,2025-07-03 11:17:00,,,,,1
67,delivered,2025-07-03 11:10:00,2025-07-03 11:16:00,2025-07-03 11:10:00,2025-07-03 11:13:57.000,3.95,-6.0,1
68,ready,2025-07-03 11:10:00,2025-07-03 11:18:00,,,,,1
69,delivered,2025-07-03 11:10:00,2025-07-03 11:17:00,2025-07-03 12:35:00,2025-07-03 12:39:21.800,89.36333333333333,78.0,1
70,delivered,2025-07-03 11:11:00,2025-07-03 11:17:00,2025-07-03 11:15:00,2025-07-03 11:19:05.700,8.095,-2.0,1
71,delivered,2025-07-03 11:11:00,2025-07-03 11:18:00,2025-07-03 11:15:00,2025-07-03 11:17:36.100,6.6016666666666675,-3.0,1
72,delivered,2025-07-03 11:11:00,2025-07-03 11:20:00,2025-07-03 11:15:00,2025-07-03 11:16:03.500,5.058333333333334,-5.0,1
73,ready,2025-07-03 11:11:00,2025-07-03 11:18:00,,,,,1
74,ready,2025-07-03 11:11:00,2025-07-03 11:18:00,,,,,1
75,ready,2025-07-03 11:11:00,2025-07-03 11:21:00,,,,,1
76,ready,2025-07-03 11:11:00,2025-07-03 11:16:00,,,,,1
77,delivered,2025-07-03 11:11:00,2025-07-03 11:19:00,2025-07-03 11:15:00,2025-07-03 11:22:08.600,11.143333333333334,-4.0,1
78,delivered,2025-07-03 11:12:00,2025-07-03 11:19:00,2025-07-03 11:15:00,2025-07-03 11:17:42.800,5.713333333333334,-4.0,1
79,ready,2025-07-03 11:12:00,2025-07-03 11:19:00,,,,,1
80,ready,2025-07-03 11:12:00,2025-07-03 11:19:00,,,,,1
81,delivered,2025-07-03 11:12:00,2025-07-03 11:17:00,2025-07-03 12:20:00,2025-07-03 12:25:20.000,73.33333333333333,63.0,1
82,ready,2025-07-03 11:12:00,2025-07-03 11:21:00,,,,,1
83,ready,2025-07-03 11:12:00,2025-07-03 11:19:00,,,,,1
84,ready,2025-07-03 11:13:00,2025-07-03 11:20:00,,,,,1
85,delivered,2025-07-03 11:13:00,2025-07-03 11:18:00,2025-07-03 11:15:00,2025-07-03 11:17:04.500,4.075,-3.0,1
86,delivered,2025-07-03 11:13:00,2025-07-03 11:23:00,2025-07-03 12:55:00,2025-07-03 12:58:45.700,105.76166666666667,92.0,1
87,ready,2025-07-03 11:13:00,2025-07-03 11:23:00,,,,,1
88,ready,2025-07-03 11:13:00,2025-07-03 11:22:00,,,,,1
89,ready,2025-07-03 11:13:00,2025-07-03 11:20:00,,,,,1
90,delivered,2025-07-03 11:13:00,2025-07-03 11:19:00,2025-07-03 11:15:00,2025-07-03 11:17:01.600,4.026666666666666,-4.0,1
91,delivered,2025-07-03 11:14:00,2025-07-03 11:19:00,2025-07-03 12:35:00,2025-07-03 12:39:27.500,85.45833333333333,76.0,1
92,delivered,2025-07-03 11:14:00,2025-07-03 11:23:00,2025-07-03 11:15:00,2025-07-03 11:17:33.900,3.565,-8.0,1
93,delivered,2025-07-03 11:14:00,2025-07-03 11:24:00,2025-07-03 12:45:00,2025-07-03 12:51:27.800,97.46333333333334,81.0,1
94,ready,2025-07-03 11:14:00,2025-07-03 11:22:00,,,,,1
95,ready,2025-07-03 11:14:00,2025-07-03 11:25:00,,,,,1
96,delivered,2025-07-03 11:14:00,2025-07-03 11:22:00,2025-07-03 11:15:00,2025-07-03 11:18:30.700,4.511666666666667,-7.0,1
97,delivered,2025-07-03 11:15:00,2025-07-03 11:25:00,2025-07-03 12:55:00,2025-07-03 12:59:10.900,104.18166666666666,90.0,1
98,ready,2025-07-03 11:15:00,2025-07-03 11:23:00,,,,,1
99,ready,2025-07-03 11:15:00,2025-07-03 11:20:00,,,,,1
100,ready,2025-07-03 11:15:00,2025-07-03 11:20:00,,,,,1
101,ready,2025-07-03 11:15:00,2025-07-03 11:23:00,,,,,1
102,ready,2025-07-03 11:15:00,2025-07-03 11:22:00,,,,,1
103,delivered,2025-07-03 11:15:00,2025-07-03 11:22:00,2025-07-03 11:15:00,2025-07-03 11:17:38.400,2.64,-7.0,1
104,ready,2025-07-03 11:15:00,2025-07-03 11:24:00,,,,,1
105,ready,2025-07-03 11:16:00,2025-07-03 11:21:00,,,,,1
106,delivered,2025-07-03 11:16:00,2025-07-03 11:27:00,2025-07-03 11:20:00,2025-07-03 11:22:46.700,6.778333333333333,-7.0,1
107,ready,2025-07-03 11:16:00,2025-07-03 11:25:00,,,,,1
108,ready,2025-07-03 11:16:00,2025-07-03 11:26:00,,,,,1
109,delivered,2025-07-03 11:16:00,2025-07-03 11:25:00,2025-07-03 11:20:00,2025-07-03 11:24:09.900,8.165,-5.0,1
110,ready,2025-07-03 11:16:00,2025-07-03 11:25:00,,,,,1
111,ready,2025-07-03 11:16:00,2025-07-03 11:25:00,,,,,1
112,ready,2025-07-03 11:17:00,2025-07-03 11:26:00,,,,,1
113,delivered,2025-07-03 11:17:00,2025-07-03 11:23:00,2025-07-03 11:30:00,2025-07-03 11:34:00.600,17.01,7.0,1
114,delivered,2025-07-03 11:17:00,2025-07-03 11:24:00,2025-07-03 13:05:00,2025-07-03 13:07:28.000,110.46666666666667,101.0,1
115,delivered,2025-07-03 11:17:00,2025-07-03 11:24:00,2025-07-03 11:20:00,2025-07-03 11:23:33.200,6.553333333333333,-4.0,1
116,ready,2025-07-03 11:17:00,2025-07-03 11:22:00,,,,,1
117,delivered,2025-07-03 11:17:00,2025-07-03 11:22:00,2025-07-03 11:25:00,2025-07-03 11:28:01.500,11.025,3.0,1
118,ready,2025-07-03 11:17:00,2025-07-03 11:26:00,,,,,1
119,ready,2025-07-03 11:17:00,2025-07-03 11:24:00,,,,,1
120,delivered,2025-07-03 11:17:00,2025-07-03 11:24:00,2025-07-03 12:55:00,2025-07-03 12:59:12.200,102.20333333333333,91.0,1
121,delivered,2025-07-03 11:17:00,2025-07-03 11:24:00,2025-07-03 11:25:00,2025-07-03 11:29:21.900,12.365,1.0,1
122,delivered,2025-07-03 11:17:00,2025-07-03 11:24:00,2025-07-03 12:10:00,2025-07-03 12:12:56.200,55.93666666666666,46.0,1
123,ready,2025-07-03 11:17:00,2025-07-03 11:25:00,,,,,1
124,delivered,2025-07-03 11:17:00,2025-07-03 11:23:00,2025-07-03 11:20:00,2025-07-03 11:24:21.900,7.364999999999999,-3.0,1
125,delivered,2025-07-03 11:18:00,2025-07-03 11:27:00,2025-07-03 13:00:00,2025-07-03 13:05:36.500,107.60833333333333,93.0,1
126,delivered,2025-07-03 11:18:00,2025-07-03 11:28:00,2025-07-03 12:35:00,2025-07-03 12:38:14.800,80.24666666666667,67.0,1
127,delivered,2025-07-03 11:18:00,2025-07-03 11:27:00,2025-07-03 11:20:00,2025-07-03 11:24:06.100,6.1016666666666675,-7.0,1
128,delivered,2025-07-03 11:18:00,2025-07-03 11:25:00,2025-07-03 12:20:00,2025-07-03 12:24:54.600,66.91,55.0,1
129,ready,2025-07-03 11:18:00,2025-07-03 11:24:00,,,,,1
130,ready,2025-07-03 11:18:00,2025-07-03 11:29:00,,,,,1
131,delivered,2025-07-03 11:18:00,2025-07-03 11:24:00,2025-07-03 11:20:00,2025-07-03 11:24:54.900,6.915,-4.0,1
132,delivered,2025-07-03 11:18:00,2025-07-03 11:25:00,2025-07-03 11:25:00,2025-07-03 11:29:53.300,11.888333333333332,0.0,1
133,delivered,2025-07-03 11:19:00,2025-07-03 11:26:00,2025-07-03 11:20:00,2025-07-03 11:23:08.400,4.14,-6.0,1
134,delivered,2025-07-03 11:19:00,2025-07-03 11:27:00,2025-07-03 12:40:00,2025-07-03 12:44:56.900,85.94833333333332,73.0,1
135,ready,2025-07-03 11:19:00,2025-07-03 11:26:00,,,,,1
136,delivered,2025-07-03 11:19:00,2025-07-03 11:30:00,2025-07-03 11:25:00,2025-07-03 11:27:40.900,8.681666666666667,-5.0,1
137,ready,2025-07-03 11:19:00,2025-07-03 11:29:00,,,,,1
138,delivered,2025-07-03 11:19:00,2025-07-03 11:29:00,2025-07-03 12:20:00,2025-07-03 12:25:13.800,66.23,51.0,1
139,ready,2025-07-03 11:20:00,2025-07-03 11:27:00,,,,,1
140,delivered,2025-07-03 11:20:00,2025-07-03 11:28:00,2025-07-03 11:30:00,2025-07-03 11:34:53.300,14.888333333333332,2.0,1
141,delivered,2025-07-03 11:20:00,2025-07-03 11:25:00,2025-07-03 12:55:00,2025-07-03 12:59:52.200,99.86999999999999,90.0,1
142,delivered,2025-07-03 11:20:00,2025-07-03 11:30:00,2025-07-03 12:20:00,2025-07-03 12:25:18.600,65.31,50.0,1
143,ready,2025-07-03 11:20:00,2025-07-03 11:26:00,,,,,1
144,ready,2025-07-03 11:21:00,2025-07-03 11:30:00,,,,,1
145,delivered,2025-07-03 11:21:00,2025-07-03 11:28:00,2025-07-03 12:40:00,2025-07-03 12:45:36.400,84.60666666666665,72.0,1
146,ready,2025-07-03 11:21:00,2025-07-03 11:27:00,,,,,1
147,ready,2025-07-03 11:21:00,2025-07-03 11:31:00,,,,,1
148,delivered,2025-07-03 11:21:00,2025-07-03 11:29:00,2025-07-03 11:25:00,2025-07-03 11:26:54.800,5.913333333333333,-4.0,1
149,ready,2025-07-03 11:21:00,2025-07-03 11:26:00,,,,,1
150,delivered,2025-07-03 11:21:00,2025-07-03 11:31:00,2025-07-03 12:40:00,2025-07-03 12:43:45.700,82.76166666666667,69.0,1
151,delivered,2025-07-03 11:21:00,2025-07-03 11:27:00,2025-07-03 11:25:00,2025-07-03 11:26:15.300,5.255,-2.0,1
152,delivered,2025-07-03 11:21:00,2025-07-03 11:25:00,2025-07-03 13:05:00,2025-07-03 13:06:58.500,105.975,100.0,1
153,delivered,2025-07-03 11:21:00,2025-07-03 11:29:00,2025-07-03 11:25:00,2025-07-03 11:29:28.500,8.475,-4.0,1
154,ready,2025-07-03 11:21:00,2025-07-03 11:28:00,,,,,1
155,delivered,2025-07-03 11:22:00,2025-07-03 11:29:00,2025-07-03 11:25:00,2025-07-03 11:27:29.500,5.491666666666666,-4.0,1
156,ready,2025-07-03 11:22:00,2025-07-03 11:30:00,,,,,1
157,delivered,2025-07-03 11:22:00,2025-07-03 11:27:00,2025-07-03 11:25:00,2025-07-03 11:30:16.100,8.268333333333334,-2.0,1
158,ready,2025-07-03 11:22:00,2025-07-03 11:30:00,,,,,1
159,delivered,2025-07-03 11:22:00,2025-07-03 11:31:00,2025-07-03 12:10:00,2025-07-03 12:13:58.800,51.980000000000004,39.0,1
160,delivered,2025-07-03 11:22:00,2025-07-03 11:29:00,2025-07-03 12:10:00,2025-07-03 12:15:01.900,53.031666666666666,41.0,1
161,ready,2025-07-03 11:22:00,2025-07-03 11:30:00,,,,,1
162,delivered,2025-07-03 11:22:00,2025-07-03 11:26:00,2025-07-03 11:25:00,2025-07-03 11:31:12.100,9.201666666666666,-1.0,1
163,delivered,2025-07-03 11:22:00,2025-07-03 11:32:00,2025-07-03 11:25:00,2025-07-03 11:29:11.100,7.1850000000000005,-7.0,1
164,ready,2025-07-03 11:22:00,2025-07-03 11:29:00,,,,,1
165,delivered,2025-07-03 11:22:00,2025-07-03 11:29:00,2025-07-03 12:50:00,2025-07-03 12:55:32.200,93.53666666666666,81.0,1
166,delivered,2025-07-03 11:22:00,2025-07-03 11:28:00,2025-07-03 12:10:00,2025-07-03 12:12:40.000,50.666666666666664,42.0,1
167,delivered,2025-07-03 11:23:00,2025-07-03 11:30:00,2025-07-03 11:30:00,2025-07-03 11:35:39.700,12.661666666666667,0.0,1
168,ready,2025-07-03 11:23:00,2025-07-03 11:30:00,,,,,1
169,ready,2025-07-03 11:23:00,2025-07-03 11:32:00,,,,,1
170,ready,2025-07-03 11:23:00,2025-07-03 11:32:00,,,,,1
171,ready,2025-07-03 11:23:00,2025-07-03 11:31:00,,,,,1
172,ready,2025-07-03 11:23:00,2025-07-03 11:29:00,,,,,1
173,ready,2025-07-03 11:24:00,2025-07-03 11:31:00,,,,,1
174,ready,2025-07-03 11:24:00,2025-07-03 11:33:00,,,,,1
175,delivered,2025-07-03 11:24:00,2025-07-03 11:30:00,2025-07-03 12:10:00,2025-07-03 12:14:53.500,50.891666666666666,40.0,1
176,delivered,2025-07-03 11:24:00,2025-07-03 11:34:00,2025-07-03 13:05:00,2025-07-03 13:07:43.700,103.72833333333332,91.0,1
177,ready,2025-07-03 11:24:00,2025-07-03 11:33:00,,,,,1
178,ready,2025-07-03 11:24:00,2025-07-03 11:32:00,,,,,1
179,delivered,2025-07-03 11:24:00,2025-07-03 11:32:00,2025-07-03 12:10:00,2025-07-03 12:14:37.200,50.62,38.0,1
180,ready,2025-07-03 11:24:00,2025-07-03 11:31:00,,,,,1
181,ready,2025-07-03 11:25:00,2025-07-03 11:29:00,,,,,1
182,ready,2025-07-03 11:25:00,2025-07-03 11:30:00,,,,,1
183,ready,2025-07-03 11:25:00,2025-07-03 11:33:00,,,,,1
184,ready,2025-07-03 11:25:00,2025-07-03 11:36:00,,,,,1
185,ready,2025-07-03 11:25:00,2025-07-03 11:31:00,,,,,1
186,delivered,2025-07-03 11:25:00,2025-07-03 11:31:00,2025-07-03 11:25:00,2025-07-03 11:28:50.600,3.8433333333333333,-6.0,1
187,ready,2025-07-03 11:25:00,2025-07-03 11:34:00,,,,,1
188,delivered,2025-07-03 11:25:00,2025-07-03 11:34:00,2025-07-03 13:05:00,2025-07-03 13:07:41.200,102.68666666666667,91.0,1
189,delivered,2025-07-03 11:26:00,2025-07-03 11:30:00,2025-07-03 12:55:00,2025-07-03 13:00:43.600,94.72666666666667,85.0,1
190,delivered,2025-07-03 11:26:00,2025-07-03 11:36:00,2025-07-03 13:05:00,2025-07-03 13:08:37.000,102.61666666666666,89.0,1
191,ready,2025-07-03 11:26:00,2025-07-03 11:33:00,,,,,1
192,delivered,2025-07-03 11:26:00,2025-07-03 11:30:00,2025-07-03 12:40:00,2025-07-03 12:42:31.400,76.52333333333333,70.0,1
193,delivered,2025-07-03 11:26:00,2025-07-03 11:32:00,2025-07-03 13:05:00,2025-07-03 13:09:14.400,103.24,93.0,1
194,delivered,2025-07-03 11:26:00,2025-07-03 11:33:00,2025-07-03 11:30:00,2025-07-03 11:33:59.200,7.986666666666666,-3.0,1
195,delivered,2025-07-03 11:26:00,2025-07-03 11:36:00,2025-07-03 12:10:00,2025-07-03 12:13:31.900,47.531666666666666,34.0,1
196,ready,2025-07-03 11:26:00,2025-07-03 11:34:00,,,,,1
197,ready,2025-07-03 11:26:00,2025-07-03 11:37:00,,,,,1
198,delivered,2025-07-03 11:27:00,2025-07-03 11:34:00,2025-07-03 11:30:00,2025-07-03 11:31:17.600,4.293333333333334,-4.0,1
199,ready,2025-07-03 11:27:00,2025-07-03 11:36:00,,,,,1
200,delivered,2025-07-03 11:27:00,2025-07-03 11:35:00,2025-07-03 11:30:00,2025-07-03 11:32:27.000,5.45,-5.0,1
201,delivered,2025-07-03 11:27:00,2025-07-03 11:35:00,2025-07-03 12:50:00,2025-07-03 12:55:26.600,88.44333333333334,75.0,1
202,ready,2025-07-03 11:27:00,2025-07-03 11:33:00,,,,,1
203,delivered,2025-07-03 11:28:00,2025-07-03 11:33:00,2025-07-03 12:10:00,2025-07-03 12:16:01.600,48.026666666666664,37.0,1
204,delivered,2025-07-03 11:28:00,2025-07-03 11:34:00,2025-07-03 12:55:00,2025-07-03 13:00:56.800,92.94666666666667,81.0,1
205,ready,2025-07-03 11:28:00,2025-07-03 11:36:00,,,,,1
206,ready,2025-07-03 11:28:00,2025-07-03 11:36:00,,,,,1
207,delivered,2025-07-03 11:28:00,2025-07-03 11:33:00,2025-07-03 11:30:00,2025-07-03 11:34:32.400,6.54,-3.0,1
208,ready,2025-07-03 11:28:00,2025-07-03 11:33:00,,,,,1
209,delivered,2025-07-03 11:28:00,2025-07-03 11:35:00,2025-07-03 12:40:00,2025-07-03 12:44:36.500,76.60833333333333,65.0,1
210,ready,2025-07-03 11:28:00,2025-07-03 11:37:00,,,,,1
211,ready,2025-07-03 11:28:00,2025-07-03 11:36:00,,,,,1
212,ready,2025-07-03 11:28:00,2025-07-03 11:40:00,,,,,1
213,delivered,2025-07-03 11:28:00,2025-07-03 11:35:00,2025-07-03 11:30:00,2025-07-03 11:32:25.500,4.425,-5.0,1
214,ready,2025-07-03 11:29:00,2025-07-03 11:35:00,,,,,1
215,ready,2025-07-03 11:29:00,2025-07-03 11:36:00,,,,,1
216,ready,2025-07-03 11:29:00,2025-07-03 11:37:00,,,,,1
217,delivered,2025-07-03 11:29:00,2025-07-03 11:36:00,2025-07-03 12:20:00,2025-07-03 12:25:11.500,56.19166666666667,44.0,1
218,ready,2025-07-03 11:29:00,2025-07-03 11:39:00,,,,,1
219,ready,2025-07-03 11:30:00,2025-07-03 11:39:00,,,,,1
220,ready,2025-07-03 11:30:00,2025-07-03 11:40:00,,,,,1
221,ready,2025-07-03 11:30:00,2025-07-03 11:35:00,,,,,1
222,ready,2025-07-03 11:30:00,2025-07-03 11:39:00,,,,,1
223,delivered,2025-07-03 11:30:00,2025-07-03 11:39:00,2025-07-03 13:05:00,2025-07-03 13:08:36.500,98.60833333333333,86.0,1
224,ready,2025-07-03 11:31:00,2025-07-03 11:38:00,,,,,1
225,delivered,2025-07-03 11:31:00,2025-07-03 11:40:00,2025-07-03 12:40:00,2025-07-03 12:43:23.100,72.385,60.0,1
226,delivered,2025-07-03 11:31:00,2025-07-03 11:38:00,2025-07-03 11:35:00,2025-07-03 11:37:32.400,6.54,-3.0,1
227,ready,2025-07-03 11:31:00,2025-07-03 11:36:00,,,,,1
228,delivered,2025-07-03 11:31:00,2025-07-03 11:38:00,2025-07-03 11:35:00,2025-07-03 11:38:05.600,7.093333333333334,-3.0,1
229,ready,2025-07-03 11:31:00,2025-07-03 11:39:00,,,,,1
230,ready,2025-07-03 11:31:00,2025-07-03 11:40:00,,,,,1
231,ready,2025-07-03 11:31:00,2025-07-03 11:39:00,,,,,1
232,ready,2025-07-03 11:32:00,2025-07-03 11:37:00,,,,,1
233,delivered,2025-07-03 11:32:00,2025-07-03 11:38:00,2025-07-03 13:05:00,2025-07-03 13:09:11.700,97.195,87.0,1
234,ready,2025-07-03 11:32:00,2025-07-03 11:36:00,,,,,1
235,ready,2025-07-03 11:32:00,2025-07-03 11:38:00,,,,,1
236,delivered,2025-07-03 11:32:00,2025-07-03 11:36:00,2025-07-03 11:35:00,2025-07-03 11:35:57.300,3.955,-1.0,1
237,delivered,2025-07-03 11:32:00,2025-07-03 11:39:00,2025-07-03 11:35:00,2025-07-03 11:41:07.700,9.128333333333334,-4.0,1
238,delivered,2025-07-03 11:32:00,2025-07-03 11:40:00,2025-07-03 11:35:00,2025-07-03 11:36:17.200,4.286666666666666,-5.0,1
239,delivered,2025-07-03 11:32:00,2025-07-03 11:36:00,2025-07-03 12:10:00,2025-07-03 12:13:54.200,41.90333333333333,34.0,1
240,ready,2025-07-03 11:32:00,2025-07-03 11:39:00,,,,,1
241,delivered,2025-07-03 11:32:00,2025-07-03 11:36:00,2025-07-03 12:40:00,2025-07-03 12:43:17.200,71.28666666666666,64.0,1
242,ready,2025-07-03 11:32:00,2025-07-03 11:41:00,,,,,1
243,delivered,2025-07-03 11:32:00,2025-07-03 11:40:00,2025-07-03 11:35:00,2025-07-03 11:37:23.200,5.386666666666667,-5.0,1
244,delivered,2025-07-03 11:33:00,2025-07-03 11:39:00,2025-07-03 12:40:00,2025-07-03 12:43:58.300,70.97166666666666,61.0,1
245,delivered,2025-07-03 11:33:00,2025-07-03 11:39:00,2025-07-03 11:35:00,2025-07-03 11:40:43.600,7.7266666666666675,-4.0,1
246,delivered,2025-07-03 11:33:00,2025-07-03 11:38:00,2025-07-03 12:10:00,2025-07-03 12:13:39.600,40.66,32.0,1
247,ready,2025-07-03 11:33:00,2025-07-03 11:43:00,,,,,1
248,delivered,2025-07-03 11:33:00,2025-07-03 11:40:00,2025-07-03 12:10:00,2025-07-03 12:14:29.200,41.486666666666665,30.0,1
249,ready,2025-07-03 11:33:00,2025-07-03 11:41:00,,,,,1
250,delivered,2025-07-03 11:33:00,2025-07-03 11:40:00,2025-07-03 11:40:00,2025-07-03 11:44:48.400,11.806666666666667,0.0,1
251,delivered,2025-07-03 11:33:00,2025-07-03 11:38:00,2025-07-03 11:35:00,2025-07-03 11:37:52.200,4.87,-3.0,1
252,delivered,2025-07-03 11:33:00,2025-07-03 11:46:00,2025-07-03 12:00:00,2025-07-03 12:03:41.200,30.686666666666667,14.0,1
253,ready,2025-07-03 11:33:00,2025-07-03 11:40:00,,,,,1
254,delivered,2025-07-03 11:33:00,2025-07-03 11:37:00,2025-07-03 11:35:00,2025-07-03 11:39:25.000,6.416666666666667,-2.0,1
255,delivered,2025-07-03 11:34:00,2025-07-03 11:43:00,2025-07-03 12:50:00,2025-07-03 12:55:56.800,81.94666666666667,67.0,1
256,ready,2025-07-03 11:34:00,2025-07-03 11:42:00,,,,,1
257,ready,2025-07-03 11:34:00,2025-07-03 11:43:00,,,,,1
258,delivered,2025-07-03 11:34:00,2025-07-03 11:38:00,2025-07-03 12:10:00,2025-07-03 12:14:28.800,40.480000000000004,32.0,1
259,delivered,2025-07-03 11:34:00,2025-07-03 11:40:00,2025-07-03 12:50:00,2025-07-03 12:55:17.000,81.28333333333333,70.0,1
260,delivered,2025-07-03 11:34:00,2025-07-03 11:42:00,2025-07-03 11:45:00,2025-07-03 11:50:10.200,16.17,3.0,1
261,ready,2025-07-03 11:34:00,2025-07-03 11:42:00,,,,,1
262,ready,2025-07-03 11:35:00,2025-07-03 11:39:00,,,,,1
263,ready,2025-07-03 11:35:00,2025-07-03 11:44:00,,,,,1
264,delivered,2025-07-03 11:35:00,2025-07-03 11:46:00,2025-07-03 12:25:00,2025-07-03 12:29:18.900,54.315000000000005,39.0,1
265,delivered,2025-07-03 11:35:00,2025-07-03 11:41:00,2025-07-03 12:05:00,2025-07-03 12:08:24.400,33.406666666666666,24.0,1
266,ready,2025-07-03 11:35:00,2025-07-03 11:45:00,,,,,1
267,delivered,2025-07-03 11:35:00,2025-07-03 11:46:00,2025-07-03 11:35:00,2025-07-03 11:39:05.400,4.09,-11.0,1
268,delivered,2025-07-03 11:35:00,2025-07-03 11:40:00,2025-07-03 11:50:00,2025-07-03 11:55:29.400,20.490000000000002,10.0,1
269,ready,2025-07-03 11:35:00,2025-07-03 11:42:00,,,,,1
270,ready,2025-07-03 11:35:00,2025-07-03 11:43:00,,,,,1
271,delivered,2025-07-03 11:35:00,2025-07-03 11:44:00,2025-07-03 12:50:00,2025-07-03 12:56:27.400,81.45666666666666,66.0,1
272,ready,2025-07-03 11:36:00,2025-07-03 11:45:00,,,,,1
273,delivered,2025-07-03 11:36:00,2025-07-03 11:43:00,2025-07-03 11:40:00,2025-07-03 11:42:25.600,6.426666666666667,-3.0,1
274,delivered,2025-07-03 11:36:00,2025-07-03 11:44:00,2025-07-03 11:40:00,2025-07-03 11:45:51.800,9.863333333333333,-4.0,1
275,delivered,2025-07-03 11:36:00,2025-07-03 11:43:00,2025-07-03 12:55:00,2025-07-03 12:59:15.300,83.25500000000001,72.0,1
276,ready,2025-07-03 11:36:00,2025-07-03 11:41:00,,,,,1
277,ready,2025-07-03 11:36:00,2025-07-03 11:41:00,,,,,1
278,delivered,2025-07-03 11:36:00,2025-07-03 11:46:00,2025-07-03 12:05:00,2025-07-03 12:09:00.200,33.00333333333334,19.0,1
279,delivered,2025-07-03 11:36:00,2025-07-03 11:43:00,2025-07-03 12:25:00,2025-07-03 12:30:22.200,54.37,42.0,1
280,delivered,2025-07-03 11:36:00,2025-07-03 11:43:00,2025-07-03 11:40:00,2025-07-03 11:46:13.400,10.223333333333333,-3.0,1
281,delivered,2025-07-03 11:36:00,2025-07-03 11:43:00,2025-07-03 11:40:00,2025-07-03 11:42:03.000,6.05,-3.0,1
282,ready,2025-07-03 11:36:00,2025-07-03 11:40:00,,,,,1
283,delivered,2025-07-03 11:37:00,2025-07-03 11:43:00,2025-07-03 12:40:00,2025-07-03 12:44:24.100,67.40166666666667,57.0,1
284,ready,2025-07-03 11:37:00,2025-07-03 11:44:00,,,,,1
285,ready,2025-07-03 11:37:00,2025-07-03 11:49:00,,,,,1
286,delivered,2025-07-03 11:37:00,2025-07-03 11:42:00,2025-07-03 11:40:00,2025-07-03 11:46:00.800,9.013333333333332,-2.0,1
287,ready,2025-07-03 11:37:00,2025-07-03 11:46:00,,,,,1
288,delivered,2025-07-03 11:38:00,2025-07-03 11:48:00,2025-07-03 13:05:00,2025-07-03 13:09:32.800,91.54666666666667,77.0,1
289,ready,2025-07-03 11:38:00,2025-07-03 11:47:00,,,,,1
290,delivered,2025-07-03 11:38:00,2025-07-03 11:44:00,2025-07-03 12:10:00,2025-07-03 12:14:58.500,36.975,26.0,1
291,ready,2025-07-03 11:38:00,2025-07-03 11:44:00,,,,,1
292,delivered,2025-07-03 11:38:00,2025-07-03 11:47:00,2025-07-03 11:40:00,2025-07-03 11:41:26.500,3.441666666666667,-7.0,1
293,delivered,2025-07-03 11:38:00,2025-07-03 11:46:00,2025-07-03 12:15:00,2025-07-03 12:17:01.000,39.016666666666666,29.0,1
294,delivered,2025-07-03 11:38:00,2025-07-03 11:43:00,2025-07-03 12:15:00,2025-07-03 12:18:11.000,40.18333333333333,32.0,1
295,delivered,2025-07-03 11:38:00,2025-07-03 11:47:00,2025-07-03 12:25:00,2025-07-03 12:29:35.000,51.583333333333336,38.0,1
296,delivered,2025-07-03 11:38:00,2025-07-03 11:47:00,2025-07-03 11:55:00,2025-07-03 11:59:54.500,21.908333333333335,8.0,1
297,delivered,2025-07-03 11:38:00,2025-07-03 11:49:00,2025-07-03 13:05:00,2025-07-03 13:10:12.900,92.21499999999999,76.0,1
298,delivered,2025-07-03 11:39:00,2025-07-03 11:44:00,2025-07-03 12:50:00,2025-07-03 12:56:04.000,77.06666666666666,66.0,1
299,ready,2025-07-03 11:39:00,2025-07-03 11:45:00,,,,,1
300,delivered,2025-07-03 11:39:00,2025-07-03 11:45:00,2025-07-03 11:45:00,2025-07-03 11:48:37.700,9.628333333333334,0.0,1
301,ready,2025-07-03 11:39:00,2025-07-03 11:46:00,,,,,1
302,delivered,2025-07-03 11:39:00,2025-07-03 11:44:00,2025-07-03 11:45:00,2025-07-03 11:49:04.600,10.076666666666666,1.0,1
303,delivered,2025-07-03 11:40:00,2025-07-03 11:48:00,2025-07-03 12:15:00,2025-07-03 12:18:17.200,38.28666666666666,27.0,1
304,ready,2025-07-03 11:40:00,2025-07-03 11:45:00,,,,,1
305,delivered,2025-07-03 11:40:00,2025-07-03 11:46:00,2025-07-03 11:45:00,2025-07-03 11:48:43.400,8.723333333333333,-1.0,1
306,delivered,2025-07-03 11:40:00,2025-07-03 11:46:00,2025-07-03 12:20:00,2025-07-03 12:22:18.300,42.305,34.0,1
307,delivered,2025-07-03 11:40:00,2025-07-03 11:49:00,2025-07-03 11:40:00,2025-07-03 11:43:27.200,3.453333333333333,-9.0,1
308,ready,2025-07-03 11:40:00,2025-07-03 11:48:00,,,,,1
309,delivered,2025-07-03 11:40:00,2025-07-03 11:46:00,2025-07-03 11:40:00,2025-07-03 11:43:40.400,3.6733333333333333,-6.0,1
310,ready,2025-07-03 11:40:00,2025-07-03 11:48:00,,,,,1
311,ready,2025-07-03 11:40:00,2025-07-03 11:46:00,,,,,1
312,delivered,2025-07-03 11:40:00,2025-07-03 11:49:00,2025-07-03 12:20:00,2025-07-03 12:22:26.600,42.443333333333335,31.0,1
313,ready,2025-07-03 11:40:00,2025-07-03 11:44:00,,,,,1
314,delivered,2025-07-03 11:40:00,2025-07-03 11:45:00,2025-07-03 12:45:00,2025-07-03 12:47:48.300,67.805,60.0,1
315,delivered,2025-07-03 11:40:00,2025-07-03 11:47:00,2025-07-03 12:25:00,2025-07-03 12:30:39.500,50.65833333333333,38.0,1
316,ready,2025-07-03 11:41:00,2025-07-03 11:46:00,,,,,1
317,delivered,2025-07-03 11:41:00,2025-07-03 11:51:00,2025-07-03 11:45:00,2025-07-03 11:48:53.800,7.8966666666666665,-6.0,1
318,delivered,2025-07-03 11:41:00,2025-07-03 11:51:00,2025-07-03 12:05:00,2025-07-03 12:09:16.900,28.28166666666667,14.0,1
319,ready,2025-07-03 11:41:00,2025-07-03 11:46:00,,,,,1
320,delivered,2025-07-03 11:41:00,2025-07-03 11:46:00,2025-07-03 12:25:00,2025-07-03 12:30:36.800,49.61333333333334,39.0,1
321,delivered,2025-07-03 11:41:00,2025-07-03 11:49:00,2025-07-03 12:20:00,2025-07-03 12:22:11.400,41.190000000000005,31.0,1
322,ready,2025-07-03 11:41:00,2025-07-03 11:52:00,,,,,1
323,ready,2025-07-03 11:41:00,2025-07-03 11:48:00,,,,,1
324,ready,2025-07-03 11:41:00,2025-07-03 11:49:00,,,,,1
325,delivered,2025-07-03 11:42:00,2025-07-03 11:50:00,2025-07-03 11:45:00,2025-07-03 11:47:31.600,5.526666666666667,-5.0,1
326,delivered,2025-07-03 11:42:00,2025-07-03 11:50:00,2025-07-03 13:05:00,2025-07-03 13:10:17.700,88.295,75.0,1
327,ready,2025-07-03 11:42:00,2025-07-03 11:47:00,,,,,1
328,ready,2025-07-03 11:42:00,2025-07-03 11:48:00,,,,,1
329,delivered,2025-07-03 11:42:00,2025-07-03 11:50:00,2025-07-03 11:45:00,2025-07-03 11:46:08.900,4.148333333333333,-5.0,1
330,ready,2025-07-03 11:42:00,2025-07-03 11:49:00,,,,,1
331,ready,2025-07-03 11:42:00,2025-07-03 11:53:00,,,,,1
332,delivered,2025-07-03 11:42:00,2025-07-03 11:50:00,2025-07-03 11:45:00,2025-07-03 11:49:47.400,7.79,-5.0,1
333,ready,2025-07-03 11:43:00,2025-07-03 11:51:00,,,,,1
334,ready,2025-07-03 11:43:00,2025-07-03 11:48:00,,,,,1
335,delivered,2025-07-03 11:43:00,2025-07-03 11:56:00,2025-07-03 12:30:00,2025-07-03 12:31:51.300,48.855000000000004,34.0,1
336,delivered,2025-07-03 11:43:00,2025-07-03 11:49:00,2025-07-03 12:45:00,2025-07-03 12:46:31.500,63.525,56.0,1
337,delivered,2025-07-03 11:43:00,2025-07-03 11:51:00,2025-07-03 12:50:00,2025-07-03 12:57:03.300,74.055,59.0,1
338,delivered,2025-07-03 11:43:00,2025-07-03 11:47:00,2025-07-03 11:55:00,2025-07-03 12:01:12.600,18.209999999999997,8.0,1
339,ready,2025-07-03 11:43:00,2025-07-03 11:49:00,,,,,1
340,ready,2025-07-03 11:43:00,2025-07-03 11:51:00,,,,,1
341,ready,2025-07-03 11:43:00,2025-07-03 11:51:00,,,,,1
342,delivered,2025-07-03 11:43:00,2025-07-03 11:53:00,2025-07-03 12:30:00,2025-07-03 12:35:26.400,52.440000000000005,37.0,1
343,ready,2025-07-03 11:43:00,2025-07-03 11:51:00,,,,,1
344,ready,2025-07-03 11:44:00,2025-07-03 11:49:00,,,,,1
345,delivered,2025-07-03 11:44:00,2025-07-03 11:52:00,2025-07-03 11:45:00,2025-07-03 11:48:21.600,4.36,-7.0,1
346,ready,2025-07-03 11:44:00,2025-07-03 11:51:00,,,,,1
347,delivered,2025-07-03 11:44:00,2025-07-03 11:52:00,2025-07-03 12:55:00,2025-07-03 13:00:33.200,76.55333333333333,63.0,1
348,delivered,2025-07-03 11:44:00,2025-07-03 11:53:00,2025-07-03 11:55:00,2025-07-03 12:00:56.500,16.941666666666666,2.0,1
349,ready,2025-07-03 11:44:00,2025-07-03 11:52:00,,,,,1
350,delivered,2025-07-03 11:44:00,2025-07-03 11:56:00,2025-07-03 12:20:00,2025-07-03 12:22:25.000,38.416666666666664,24.0,1
351,ready,2025-07-03 11:44:00,2025-07-03 11:52:00,,,,,1
352,ready,2025-07-03 11:44:00,2025-07-03 11:49:00,,,,,1
353,ready,2025-07-03 11:44:00,2025-07-03 11:51:00,,,,,1
354,delivered,2025-07-03 11:44:00,2025-07-03 11:49:00,2025-07-03 12:20:00,2025-07-03 12:22:50.700,38.845,31.0,1
355,delivered,2025-07-03 11:45:00,2025-07-03 11:51:00,2025-07-03 12:30:00,2025-07-03 12:34:26.400,49.440000000000005,39.0,1
356,ready,2025-07-03 11:45:00,2025-07-03 11:52:00,,,,,1
357,ready,2025-07-03 11:45:00,2025-07-03 11:55:00,,,,,1
358,ready,2025-07-03 11:45:00,2025-07-03 11:55:00,,,,,1
359,ready,2025-07-03 11:45:00,2025-07-03 11:51:00,,,,,1
360,delivered,2025-07-03 11:45:00,2025-07-03 11:51:00,2025-07-03 11:55:00,2025-07-03 12:01:40.600,16.676666666666666,4.0,1
361,delivered,2025-07-03 11:45:00,2025-07-03 11:54:00,2025-07-03 12:30:00,2025-07-03 12:34:53.100,49.885,36.0,1
362,ready,2025-07-03 11:45:00,2025-07-03 11:51:00,,,,,1
363,ready,2025-07-03 11:46:00,2025-07-03 11:57:00,,,,,1
364,delivered,2025-07-03 11:46:00,2025-07-03 11:54:00,2025-07-03 11:50:00,2025-07-03 11:50:51.500,4.858333333333333,-4.0,1
365,ready,2025-07-03 11:46:00,2025-07-03 11:53:00,,,,,1
366,ready,2025-07-03 11:47:00,2025-07-03 11:51:00,,,,,1
367,delivered,2025-07-03 11:47:00,2025-07-03 11:55:00,2025-07-03 13:00:00,2025-07-03 13:04:31.000,77.51666666666667,65.0,1
368,ready,2025-07-03 11:47:00,2025-07-03 11:55:00,,,,,1
369,delivered,2025-07-03 11:47:00,2025-07-03 11:56:00,2025-07-03 12:45:00,2025-07-03 12:47:53.900,60.89833333333333,49.0,1
370,ready,2025-07-03 11:47:00,2025-07-03 11:57:00,,,,,1
371,ready,2025-07-03 11:47:00,2025-07-03 11:56:00,,,,,1
372,ready,2025-07-03 11:48:00,2025-07-03 11:57:00,,,,,1
373,delivered,2025-07-03 11:48:00,2025-07-03 11:54:00,2025-07-03 12:45:00,2025-07-03 12:48:06.500,60.108333333333334,51.0,1
374,ready,2025-07-03 11:48:00,2025-07-03 11:53:00,,,,,1
375,delivered,2025-07-03 11:48:00,2025-07-03 11:54:00,2025-07-03 12:05:00,2025-07-03 12:10:25.000,22.416666666666668,11.0,1
376,ready,2025-07-03 11:48:00,2025-07-03 11:56:00,,,,,1
377,delivered,2025-07-03 11:48:00,2025-07-03 11:57:00,2025-07-03 11:50:00,2025-07-03 11:54:14.200,6.236666666666666,-7.0,1
378,ready,2025-07-03 11:48:00,2025-07-03 11:56:00,,,,,1
379,delivered,2025-07-03 11:48:00,2025-07-03 11:56:00,2025-07-03 11:55:00,2025-07-03 12:01:00.700,13.011666666666667,-1.0,1
380,delivered,2025-07-03 11:48:00,2025-07-03 11:55:00,2025-07-03 12:30:00,2025-07-03 12:34:00.800,46.013333333333335,35.0,1
381,delivered,2025-07-03 11:48:00,2025-07-03 11:57:00,2025-07-03 11:55:00,2025-07-03 12:02:36.600,14.610000000000001,-2.0,1
382,ready,2025-07-03 11:49:00,2025-07-03 11:55:00,,,,,1
383,delivered,2025-07-03 11:49:00,2025-07-03 11:56:00,2025-07-03 11:50:00,2025-07-03 11:53:46.800,4.78,-6.0,1
384,ready,2025-07-03 11:49:00,2025-07-03 11:58:00,,,,,1
385,delivered,2025-07-03 11:49:00,2025-07-03 11:56:00,2025-07-03 11:50:00,2025-07-03 11:53:28.500,4.475,-6.0,1
386,ready,2025-07-03 11:49:00,2025-07-03 11:57:00,,,,,1
387,ready,2025-07-03 11:49:00,2025-07-03 12:00:00,,,,,1
388,delivered,2025-07-03 11:49:00,2025-07-03 11:58:00,2025-07-03 12:05:00,2025-07-03 12:10:07.200,21.12,7.0,1
389,delivered,2025-07-03 11:49:00,2025-07-03 12:00:00,2025-07-03 11:50:00,2025-07-03 11:54:33.700,5.5616666666666665,-10.0,1
390,ready,2025-07-03 11:49:00,2025-07-03 11:54:00,,,,,1
391,delivered,2025-07-03 11:49:00,2025-07-03 11:58:00,2025-07-03 12:30:00,2025-07-03 12:34:42.300,45.705000000000005,32.0,1
392,ready,2025-07-03 11:49:00,2025-07-03 11:55:00,,,,,1
393,delivered,2025-07-03 11:50:00,2025-07-03 11:57:00,2025-07-03 12:50:00,2025-07-03 12:55:53.200,65.88666666666667,53.0,1
394,delivered,2025-07-03 11:50:00,2025-07-03 12:02:00,2025-07-03 12:20:00,2025-07-03 12:23:17.000,33.28333333333333,18.0,1
395,delivered,2025-07-03 11:50:00,2025-07-03 11:58:00,2025-07-03 12:30:00,2025-07-03 12:33:47.900,43.79833333333333,32.0,1
396,ready,2025-07-03 11:50:00,2025-07-03 12:00:00,,,,,1
397,ready,2025-07-03 11:50:00,2025-07-03 11:58:00,,,,,1
398,delivered,2025-07-03 11:50:00,2025-07-03 11:58:00,2025-07-03 11:50:00,2025-07-03 11:54:56.100,4.9350000000000005,-8.0,1
399,ready,2025-07-03 11:50:00,2025-07-03 12:00:00,,,,,1
400,delivered,2025-07-03 11:50:00,2025-07-03 12:01:00,2025-07-03 11:50:00,2025-07-03 11:54:25.500,4.425,-11.0,1
401,delivered,2025-07-03 11:50:00,2025-07-03 11:58:00,2025-07-03 12:45:00,2025-07-03 12:48:10.000,58.166666666666664,47.0,1
402,ready,2025-07-03 11:50:00,2025-07-03 11:55:00,,,,,1
403,delivered,2025-07-03 11:51:00,2025-07-03 12:00:00,2025-07-03 12:30:00,2025-07-03 12:35:01.100,44.01833333333333,30.0,1
404,delivered,2025-07-03 11:51:00,2025-07-03 12:00:00,2025-07-03 11:55:00,2025-07-03 11:57:22.700,6.378333333333333,-5.0,1
405,delivered,2025-07-03 11:51:00,2025-07-03 11:55:00,2025-07-03 12:20:00,2025-07-03 12:23:04.300,32.071666666666665,25.0,1
406,ready,2025-07-03 11:51:00,2025-07-03 11:58:00,,,,,1
407,delivered,2025-07-03 11:51:00,2025-07-03 11:59:00,2025-07-03 11:55:00,2025-07-03 11:56:01.300,5.0216666666666665,-4.0,1
408,delivered,2025-07-03 11:51:00,2025-07-03 12:01:00,2025-07-03 12:20:00,2025-07-03 12:22:20.600,31.34333333333333,19.0,1
409,ready,2025-07-03 11:51:00,2025-07-03 11:56:00,,,,,1
410,delivered,2025-07-03 11:51:00,2025-07-03 11:55:00,2025-07-03 11:55:00,2025-07-03 11:57:29.700,6.495,0.0,1
411,ready,2025-07-03 11:52:00,2025-07-03 11:59:00,,,,,1
412,ready,2025-07-03 11:52:00,2025-07-03 11:57:00,,,,,1
413,delivered,2025-07-03 11:52:00,2025-07-03 11:58:00,2025-07-03 12:30:00,2025-07-03 12:35:03.300,43.055,32.0,1
414,ready,2025-07-03 11:52:00,2025-07-03 11:56:00,,,,,1
415,ready,2025-07-03 11:52:00,2025-07-03 11:56:00,,,,,1
416,delivered,2025-07-03 11:52:00,2025-07-03 11:56:00,2025-07-03 11:55:00,2025-07-03 12:01:53.100,9.885,-1.0,1
417,ready,2025-07-03 11:53:00,2025-07-03 12:03:00,,,,,1
418,ready,2025-07-03 11:53:00,2025-07-03 12:03:00,,,,,1
419,delivered,2025-07-03 11:53:00,2025-07-03 11:57:00,2025-07-03 11:55:00,2025-07-03 12:02:36.200,9.603333333333333,-2.0,1
420,ready,2025-07-03 11:53:00,2025-07-03 12:06:00,,,,,1
421,ready,2025-07-03 11:53:00,2025-07-03 12:00:00,,,,,1
422,delivered,2025-07-03 11:53:00,2025-07-03 12:02:00,2025-07-03 13:00:00,2025-07-03 13:05:46.600,72.77666666666667,58.0,1
423,ready,2025-07-03 11:54:00,2025-07-03 12:03:00,,,,,1
424,delivered,2025-07-03 11:54:00,2025-07-03 12:00:00,2025-07-03 12:10:00,2025-07-03 12:12:08.700,18.145,10.0,1
425,ready,2025-07-03 11:54:00,2025-07-03 12:03:00,,,,,1
426,ready,2025-07-03 11:54:00,2025-07-03 12:02:00,,,,,1
427,ready,2025-07-03 11:54:00,2025-07-03 12:04:00,,,,,1
428,ready,2025-07-03 11:54:00,2025-07-03 12:03:00,,,,,1
429,delivered,2025-07-03 11:54:00,2025-07-03 12:03:00,2025-07-03 13:00:00,2025-07-03 13:04:25.600,70.42666666666668,57.0,1
430,ready,2025-07-03 11:54:00,2025-07-03 12:06:00,,,,,1
431,delivered,2025-07-03 11:55:00,2025-07-03 12:02:00,2025-07-03 12:20:00,2025-07-03 12:22:28.100,27.46833333333333,18.0,1
432,ready,2025-07-03 11:55:00,2025-07-03 12:03:00,,,,,1
433,delivered,2025-07-03 11:55:00,2025-07-03 12:05:00,2025-07-03 12:45:00,2025-07-03 12:49:36.100,54.60166666666667,40.0,1
434,delivered,2025-07-03 11:55:00,2025-07-03 12:05:00,2025-07-03 13:05:00,2025-07-03 13:08:49.800,73.83,60.0,1
435,ready,2025-07-03 11:55:00,2025-07-03 12:03:00,,,,,1
436,ready,2025-07-03 11:55:00,2025-07-03 12:03:00,,,,,1
437,ready,2025-07-03 11:55:00,2025-07-03 12:03:00,,,,,1
438,ready,2025-07-03 11:55:00,2025-07-03 12:03:00,,,,,1
439,ready,2025-07-03 11:55:00,2025-07-03 12:01:00,,,,,1
440,delivered,2025-07-03 11:55:00,2025-07-03 12:03:00,2025-07-03 12:45:00,2025-07-03 12:49:09.100,54.151666666666664,42.0,1
441,ready,2025-07-03 11:56:00,2025-07-03 12:02:00,,,,,1
442,ready,2025-07-03 11:56:00,2025-07-03 12:04:00,,,,,1
443,ready,2025-07-03 11:56:00,2025-07-03 12:03:00,,,,,1
444,delivered,2025-07-03 11:56:00,2025-07-03 12:06:00,2025-07-03 12:00:00,2025-07-03 12:03:03.600,7.0600000000000005,-6.0,1
445,delivered,2025-07-03 11:56:00,2025-07-03 12:10:00,2025-07-03 12:45:00,2025-07-03 12:51:10.000,55.166666666666664,35.0,1
446,delivered,2025-07-03 11:57:00,2025-07-03 12:06:00,2025-07-03 12:00:00,2025-07-03 12:01:15.700,4.261666666666667,-6.0,1
447,ready,2025-07-03 11:57:00,2025-07-03 12:03:00,,,,,1
448,delivered,2025-07-03 11:57:00,2025-07-03 12:05:00,2025-07-03 12:00:00,2025-07-03 12:01:24.900,4.415,-5.0,1
449,delivered,2025-07-03 11:57:00,2025-07-03 12:05:00,2025-07-03 12:00:00,2025-07-03 12:01:42.500,4.708333333333333,-5.0,1
450,ready,2025-07-03 11:57:00,2025-07-03 12:01:00,,,,,1
451,delivered,2025-07-03 11:57:00,2025-07-03 12:02:00,2025-07-03 12:00:00,2025-07-03 12:02:44.400,5.739999999999999,-2.0,1
452,delivered,2025-07-03 11:57:00,2025-07-03 12:03:00,2025-07-03 12:10:00,2025-07-03 12:14:07.700,17.128333333333334,7.0,1
453,delivered,2025-07-03 11:57:00,2025-07-03 12:02:00,2025-07-03 12:20:00,2025-07-03 12:22:34.200,25.57,18.0,1
454,ready,2025-07-03 11:58:00,2025-07-03 12:04:00,,,,,1
455,ready,2025-07-03 11:58:00,2025-07-03 12:05:00,,,,,1
456,ready,2025-07-03 11:58:00,2025-07-03 12:05:00,,,,,1
457,ready,2025-07-03 11:58:00,2025-07-03 12:06:00,,,,,1
458,ready,2025-07-03 11:58:00,2025-07-03 12:05:00,,,,,1
459,ready,2025-07-03 11:58:00,2025-07-03 12:03:00,,,,,1
460,ready,2025-07-03 11:59:00,2025-07-03 12:07:00,,,,,1
461,delivered,2025-07-03 11:59:00,2025-07-03 12:06:00,2025-07-03 12:00:00,2025-07-03 12:02:52.800,3.8800000000000003,-6.0,1
462,ready,2025-07-03 11:59:00,2025-07-03 12:04:00,,,,,1
463,ready,2025-07-03 11:59:00,2025-07-03 12:07:00,,,,,1
464,ready,2025-07-03 11:59:00,2025-07-03 12:07:00,,,,,1
465,delivered,2025-07-03 11:59:00,2025-07-03 12:04:00,2025-07-03 12:00:00,2025-07-03 12:00:52.500,1.875,-4.0,1
466,ready,2025-07-03 11:59:00,2025-07-03 12:08:00,,,,,1
467,ready,2025-07-03 11:59:00,2025-07-03 12:05:00,,,,,1
468,ready,2025-07-03 11:59:00,2025-07-03 12:08:00,,,,,1
469,ready,2025-07-03 11:59:00,2025-07-03 12:06:00,,,,,1
470,ready,2025-07-03 11:59:00,2025-07-03 12:06:00,,,,,1
