order_id,status,placement_time,ready_time,pickup_time,delivery_time,click_to_door,ready_to_pickup,courier_id,bundle_size,routing_source
0,ready,2025-07-03 08:01:28,2025-07-03 08:14:02.125897,,,,,,1,
1,ready,2025-07-03 08:01:26,2025-07-03 08:14:10.748443,,,,,,1,
2,ready,2025-07-03 08:03:46,2025-07-03 08:15:06.728199,,,,,,1,
3,ready,2025-07-03 08:03:08,2025-07-03 08:14:39.208999,,,,,,1,
4,ready,2025-07-03 08:03:35,2025-07-03 08:16:10.504946,,,,,,1,
5,ready,2025-07-03 08:04:10,2025-07-03 08:14:39.344243,,,,,,1,
6,ready,2025-07-03 08:04:13,2025-07-03 08:17:34.421894,,,,,,1,
7,ready,2025-07-03 08:04:59,2025-07-03 08:12:24.506922,,,,,,1,
8,ready,2025-07-03 08:05:48,2025-07-03 08:21:29.194478,,,,,,1,
9,ready,2025-07-03 08:06:06,2025-07-03 08:18:26.151232,,,,,,1,
10,ready,2025-07-03 08:06:51,2025-07-03 08:18:38.357424,,,,,,1,
11,ready,2025-07-03 08:06:37,2025-07-03 08:20:20.306653,,,,,,1,
12,ready,2025-07-03 08:07:10,2025-07-03 08:18:24.592471,,,,,,1,
13,ready,2025-07-03 08:07:06,2025-07-03 08:16:38.483114,,,,,,1,
14,ready,2025-07-03 08:07:19,2025-07-03 08:15:52.842320,,,,,,1,
15,ready,2025-07-03 08:08:39,2025-07-03 08:23:30.682650,,,,,,1,
16,ready,2025-07-03 08:09:51,2025-07-03 08:21:35.902621,,,,,,1,
17,ready,2025-07-03 08:09:01,2025-07-03 08:20:12.222256,,,,,,1,
18,ready,2025-07-03 08:09:14,2025-07-03 08:23:30.987780,,,,,,1,
19,ready,2025-07-03 08:09:24,2025-07-03 08:19:07.468012,,,,,,1,
20,ready,2025-07-03 08:10:19,2025-07-03 08:18:46.735084,,,,,,1,
21,ready,2025-07-03 08:10:45,2025-07-03 08:18:00.276955,,,,,,1,
22,ready,2025-07-03 08:10:02,2025-07-03 08:21:32.132525,,,,,,1,
23,ready,2025-07-03 08:10:50,2025-07-03 08:22:37.855298,,,,,,1,
24,ready,2025-07-03 08:10:40,2025-07-03 08:21:38.519775,,,,,,1,
25,ready,2025-07-03 08:11:27,2025-07-03 08:22:05.854353,,,,,,1,
26,ready,2025-07-03 08:11:55,2025-07-03 08:19:04.251946,,,,,,1,
27,ready,2025-07-03 08:11:22,2025-07-03 08:18:25.062074,,,,,,1,
28,ready,2025-07-03 08:11:17,2025-07-03 08:19:08.570766,,,,,,1,
29,ready,2025-07-03 08:12:08,2025-07-03 08:23:01.731137,,,,,,1,
30,ready,2025-07-03 08:12:42,2025-07-03 08:21:03.755360,,,,,,1,
31,ready,2025-07-03 08:13:02,2025-07-03 08:26:09.329871,,,,,,1,
32,ready,2025-07-03 08:13:43,2025-07-03 08:29:24.641418,,,,,,1,
33,ready,2025-07-03 08:14:20,2025-07-03 08:25:56.048711,,,,,,1,
34,ready,2025-07-03 08:14:16,2025-07-03 08:22:59.922081,,,,,,1,
35,ready,2025-07-03 08:14:16,2025-07-03 08:27:57.163725,,,,,,1,
36,ready,2025-07-03 08:14:12,2025-07-03 08:25:38.362615,,,,,,1,
37,ready,2025-07-03 08:15:15,2025-07-03 08:28:11.035541,,,,,,1,
38,ready,2025-07-03 08:15:37,2025-07-03 08:23:15.442976,,,,,,1,
39,ready,2025-07-03 08:16:10,2025-07-03 08:28:56.088173,,,,,,1,
40,ready,2025-07-03 08:17:06,2025-07-03 08:28:25.030873,,,,,,1,
41,ready,2025-07-03 08:18:33,2025-07-03 08:32:36.749876,,,,,,1,
42,ready,2025-07-03 08:18:37,2025-07-03 08:36:19.683400,,,,,,1,
43,ready,2025-07-03 08:19:09,2025-07-03 08:29:20.849650,,,,,,1,
44,ready,2025-07-03 08:19:42,2025-07-03 08:32:54.744502,,,,,,1,
45,ready,2025-07-03 08:19:04,2025-07-03 08:32:22.116724,,,,,,1,
46,ready,2025-07-03 08:19:15,2025-07-03 08:29:23.237023,,,,,,1,
47,ready,2025-07-03 08:19:51,2025-07-03 08:30:00.554937,,,,,,1,
48,ready,2025-07-03 08:19:55,2025-07-03 08:31:45.630121,,,,,,1,
49,ready,2025-07-03 08:20:50,2025-07-03 08:27:24.828859,,,,,,1,
50,ready,2025-07-03 08:20:49,2025-07-03 08:36:25.876603,,,,,,1,
51,ready,2025-07-03 08:20:19,2025-07-03 08:35:59.836673,,,,,,1,
52,ready,2025-07-03 08:20:26,2025-07-03 08:26:55.841694,,,,,,1,
53,ready,2025-07-03 08:20:38,2025-07-03 08:32:58.380103,,,,,,1,
54,ready,2025-07-03 08:20:39,2025-07-03 08:31:09.326480,,,,,,1,
55,ready,2025-07-03 08:21:19,2025-07-03 08:35:26.109930,,,,,,1,
56,ready,2025-07-03 08:21:25,2025-07-03 08:36:25.560674,,,,,,1,
57,ready,2025-07-03 08:21:53,2025-07-03 08:30:59.117572,,,,,,1,
58,ready,2025-07-03 08:22:45,2025-07-03 08:37:23.831676,,,,,,1,
59,ready,2025-07-03 08:22:44,2025-07-03 08:37:09.483872,,,,,,1,
60,ready,2025-07-03 08:22:04,2025-07-03 08:35:19.970826,,,,,,1,
61,ready,2025-07-03 08:24:28,2025-07-03 08:37:07.683395,,,,,,1,
62,ready,2025-07-03 08:24:33,2025-07-03 08:37:26.963421,,,,,,1,
63,ready,2025-07-03 08:25:39,2025-07-03 08:38:06.326113,,,,,,1,
64,ready,2025-07-03 08:25:40,2025-07-03 08:38:40.358846,,,,,,1,
65,ready,2025-07-03 08:25:26,2025-07-03 08:37:23.648467,,,,,,1,
66,ready,2025-07-03 08:25:39,2025-07-03 08:42:34.994601,,,,,,1,
67,ready,2025-07-03 08:26:23,2025-07-03 08:39:08.143833,,,,,,1,
68,ready,2025-07-03 08:26:41,2025-07-03 08:40:16.343742,,,,,,1,
69,ready,2025-07-03 08:27:00,2025-07-03 08:39:55.966527,,,,,,1,
70,ready,2025-07-03 08:27:54,2025-07-03 08:40:12.246070,,,,,,1,
71,ready,2025-07-03 08:28:59,2025-07-03 08:45:22.982341,,,,,,1,
72,ready,2025-07-03 08:28:08,2025-07-03 08:44:16.570107,,,,,,1,
73,ready,2025-07-03 08:28:50,2025-07-03 08:42:59.987694,,,,,,1,
74,ready,2025-07-03 08:28:29,2025-07-03 08:41:09.962952,,,,,,1,
75,ready,2025-07-03 08:28:10,2025-07-03 08:40:20.219433,,,,,,1,
76,ready,2025-07-03 08:30:07,2025-07-03 08:45:56.914518,,,,,,1,
77,ready,2025-07-03 08:30:43,2025-07-03 08:43:26.025785,,,,,,1,
78,ready,2025-07-03 08:30:22,2025-07-03 08:46:15.989790,,,,,,1,
79,ready,2025-07-03 08:30:10,2025-07-03 08:40:56.934078,,,,,,1,
80,ready,2025-07-03 08:31:43,2025-07-03 08:44:39.286616,,,,,,1,
81,ready,2025-07-03 08:32:51,2025-07-03 08:46:43.544773,,,,,,1,
82,ready,2025-07-03 08:33:21,2025-07-03 08:46:18.093770,,,,,,1,
83,ready,2025-07-03 08:33:50,2025-07-03 08:40:11.675094,,,,,,1,
84,ready,2025-07-03 08:33:50,2025-07-03 08:48:28.491948,,,,,,1,
85,ready,2025-07-03 08:34:58,2025-07-03 08:44:41.974682,,,,,,1,
86,ready,2025-07-03 08:35:08,2025-07-03 08:50:56.981682,,,,,,1,
87,ready,2025-07-03 08:35:14,2025-07-03 08:47:27.486856,,,,,,1,
88,ready,2025-07-03 08:36:00,2025-07-03 08:50:03.900891,,,,,,1,
89,ready,2025-07-03 08:36:46,2025-07-03 08:49:07.699688,,,,,,1,
90,ready,2025-07-03 08:36:43,2025-07-03 08:46:53.462718,,,,,,1,
91,ready,2025-07-03 08:36:39,2025-07-03 08:51:12.597630,,,,,,1,
92,ready,2025-07-03 08:37:35,2025-07-03 08:47:11.191708,,,,,,1,
93,ready,2025-07-03 08:38:34,2025-07-03 08:48:10.409496,,,,,,1,
94,ready,2025-07-03 08:38:39,2025-07-03 08:47:20.358644,,,,,,1,
95,ready,2025-07-03 08:39:38,2025-07-03 08:50:42.076108,,,,,,1,
96,ready,2025-07-03 08:39:45,2025-07-03 08:46:44.250284,,,,,,1,
97,ready,2025-07-03 08:39:10,2025-07-03 08:46:57.350008,,,,,,1,
98,ready,2025-07-03 08:40:27,2025-07-03 08:54:54.635152,,,,,,1,
99,ready,2025-07-03 08:41:54,2025-07-03 09:01:48.310086,,,,,,1,
100,ready,2025-07-03 08:42:40,2025-07-03 08:56:25.803562,,,,,,1,
101,ready,2025-07-03 08:42:10,2025-07-03 08:56:52.989474,,,,,,1,
102,ready,2025-07-03 08:42:31,2025-07-03 08:54:13.476150,,,,,,1,
103,ready,2025-07-03 08:43:03,2025-07-03 08:54:20.427802,,,,,,1,
104,ready,2025-07-03 08:43:35,2025-07-03 08:56:13.783122,,,,,,1,
105,ready,2025-07-03 08:43:45,2025-07-03 08:55:35.191888,,,,,,1,
106,ready,2025-07-03 08:43:32,2025-07-03 08:53:18.085458,,,,,,1,
107,ready,2025-07-03 08:44:37,2025-07-03 08:57:03.675953,,,,,,1,
108,ready,2025-07-03 08:44:18,2025-07-03 08:58:50.905908,,,,,,1,
109,ready,2025-07-03 08:44:30,2025-07-03 08:58:08.217511,,,,,,1,
110,ready,2025-07-03 08:45:31,2025-07-03 08:52:23.783881,,,,,,1,
111,ready,2025-07-03 08:45:32,2025-07-03 08:59:02.723154,,,,,,1,
112,ready,2025-07-03 08:45:45,2025-07-03 08:59:36.864553,,,,,,1,
113,ready,2025-07-03 08:46:51,2025-07-03 08:57:25.695243,,,,,,1,
114,ready,2025-07-03 08:46:46,2025-07-03 08:58:36.923395,,,,,,1,
115,ready,2025-07-03 08:46:47,2025-07-03 09:00:10.221467,,,,,,1,
116,ready,2025-07-03 08:46:33,2025-07-03 08:55:23.660406,,,,,,1,
117,ready,2025-07-03 08:46:13,2025-07-03 08:57:19.943195,,,,,,1,
118,ready,2025-07-03 08:46:11,2025-07-03 09:00:42.313731,,,,,,1,
119,ready,2025-07-03 08:47:10,2025-07-03 09:00:35.031508,,,,,,1,
120,ready,2025-07-03 08:47:31,2025-07-03 08:59:56.706772,,,,,,1,
121,ready,2025-07-03 08:48:38,2025-07-03 09:00:06.663986,,,,,,1,
122,ready,2025-07-03 08:48:28,2025-07-03 08:58:30.110868,,,,,,1,
123,ready,2025-07-03 08:48:22,2025-07-03 08:59:34.481659,,,,,,1,
124,ready,2025-07-03 08:48:18,2025-07-03 09:02:45.834655,,,,,,1,
125,ready,2025-07-03 08:48:55,2025-07-03 08:59:06.192348,,,,,,1,
126,ready,2025-07-03 08:48:52,2025-07-03 08:57:16.601678,,,,,,1,
127,ready,2025-07-03 08:49:41,2025-07-03 09:07:12.376471,,,,,,1,
128,ready,2025-07-03 08:49:40,2025-07-03 09:01:10.120462,,,,,,1,
129,ready,2025-07-03 08:50:48,2025-07-03 09:12:06.989111,,,,,,1,
130,ready,2025-07-03 08:50:18,2025-07-03 09:00:57.282384,,,,,,1,
131,ready,2025-07-03 08:50:09,2025-07-03 09:06:30.327210,,,,,,1,
132,ready,2025-07-03 08:50:43,2025-07-03 08:59:39.234945,,,,,,1,
133,ready,2025-07-03 08:50:58,2025-07-03 09:03:14.705101,,,,,,1,
134,ready,2025-07-03 08:51:59,2025-07-03 08:58:34.304368,,,,,,1,
135,ready,2025-07-03 08:51:12,2025-07-03 09:03:19.591224,,,,,,1,
136,ready,2025-07-03 08:51:47,2025-07-03 09:04:12.391845,,,,,,1,
137,ready,2025-07-03 08:52:40,2025-07-03 09:04:31.280823,,,,,,1,
138,ready,2025-07-03 08:52:11,2025-07-03 09:00:04.857256,,,,,,1,
139,ready,2025-07-03 08:52:57,2025-07-03 09:05:40.965172,,,,,,1,
140,ready,2025-07-03 08:52:46,2025-07-03 09:07:33.504561,,,,,,1,
141,ready,2025-07-03 08:52:16,2025-07-03 09:03:29.639069,,,,,,1,
142,ready,2025-07-03 08:52:47,2025-07-03 09:05:13.937844,,,,,,1,
143,ready,2025-07-03 08:53:08,2025-07-03 09:05:23.774340,,,,,,1,
144,ready,2025-07-03 08:54:40,2025-07-03 09:00:40.475595,,,,,,1,
145,ready,2025-07-03 08:54:58,2025-07-03 09:08:40.520575,,,,,,1,
146,ready,2025-07-03 08:55:56,2025-07-03 09:07:53.378262,,,,,,1,
147,ready,2025-07-03 08:55:57,2025-07-03 09:09:37.020313,,,,,,1,
148,ready,2025-07-03 08:56:06,2025-07-03 09:11:43.739638,,,,,,1,
149,ready,2025-07-03 08:56:35,2025-07-03 09:07:56.156631,,,,,,1,
150,ready,2025-07-03 08:56:19,2025-07-03 09:08:20.009722,,,,,,1,
151,ready,2025-07-03 08:57:22,2025-07-03 09:11:03.432673,,,,,,1,
152,ready,2025-07-03 08:57:26,2025-07-03 09:06:08.809530,,,,,,1,
153,ready,2025-07-03 08:58:40,2025-07-03 09:08:01.446540,,,,,,1,
154,ready,2025-07-03 08:58:35,2025-07-03 09:10:06.251652,,,,,,1,
155,ready,2025-07-03 08:59:19,2025-07-03 09:08:56.141649,,,,,,1,
156,ready,2025-07-03 08:59:24,2025-07-03 09:08:54.813162,,,,,,1,
157,ready,2025-07-03 08:59:43,2025-07-03 09:17:05.207416,,,,,,1,
158,ready,2025-07-03 08:59:24,2025-07-03 09:14:01.155949,,,,,,1,
159,ready,2025-07-03 09:00:12,2025-07-03 09:11:48.091780,,,,,,1,
160,ready,2025-07-03 09:00:17,2025-07-03 09:11:27.713437,,,,,,1,
161,ready,2025-07-03 09:01:47,2025-07-03 09:10:02.946360,,,,,,1,
162,ready,2025-07-03 09:01:04,2025-07-03 09:16:20.435936,,,,,,1,
163,ready,2025-07-03 09:01:38,2025-07-03 09:16:04.039319,,,,,,1,
164,ready,2025-07-03 09:02:23,2025-07-03 09:17:31.794792,,,,,,1,
165,ready,2025-07-03 09:02:19,2025-07-03 09:19:16.879378,,,,,,1,
166,ready,2025-07-03 09:02:22,2025-07-03 09:10:24.350626,,,,,,1,
167,ready,2025-07-03 09:03:27,2025-07-03 09:12:46.362399,,,,,,1,
168,ready,2025-07-03 09:03:11,2025-07-03 09:16:06.217922,,,,,,1,
169,ready,2025-07-03 09:04:01,2025-07-03 09:17:36.813568,,,,,,1,
170,ready,2025-07-03 09:04:06,2025-07-03 09:11:14.731788,,,,,,1,
171,ready,2025-07-03 09:04:55,2025-07-03 09:16:17.244815,,,,,,1,
172,ready,2025-07-03 09:04:15,2025-07-03 09:15:17.584820,,,,,,1,
173,ready,2025-07-03 09:04:25,2025-07-03 09:18:29.441569,,,,,,1,
174,ready,2025-07-03 09:04:04,2025-07-03 09:15:29.646059,,,,,,1,
175,ready,2025-07-03 09:05:33,2025-07-03 09:13:49.269617,,,,,,1,
176,ready,2025-07-03 09:05:28,2025-07-03 09:18:42.484739,,,,,,1,
177,ready,2025-07-03 09:05:41,2025-07-03 09:21:36.241312,,,,,,1,
178,ready,2025-07-03 09:05:38,2025-07-03 09:13:42.750132,,,,,,1,
179,ready,2025-07-03 09:05:48,2025-07-03 09:19:01.134270,,,,,,1,
180,ready,2025-07-03 09:06:26,2025-07-03 09:17:09.808870,,,,,,1,
181,ready,2025-07-03 09:06:51,2025-07-03 09:12:48.901292,,,,,,1,
182,ready,2025-07-03 09:06:50,2025-07-03 09:17:17.956409,,,,,,1,
183,ready,2025-07-03 09:06:53,2025-07-03 09:18:36.308628,,,,,,1,
184,ready,2025-07-03 09:06:54,2025-07-03 09:18:37.064826,,,,,,1,
185,ready,2025-07-03 09:07:01,2025-07-03 09:18:43.243550,,,,,,1,
186,ready,2025-07-03 09:07:08,2025-07-03 09:25:16.015129,,,,,,1,
187,ready,2025-07-03 09:07:45,2025-07-03 09:16:29.616954,,,,,,1,
188,ready,2025-07-03 09:07:06,2025-07-03 09:23:20.002556,,,,,,1,
189,ready,2025-07-03 09:07:26,2025-07-03 09:20:19.459361,,,,,,1,
190,ready,2025-07-03 09:08:33,2025-07-03 09:20:16.941759,,,,,,1,
191,ready,2025-07-03 09:08:41,2025-07-03 09:16:50.250177,,,,,,1,
192,ready,2025-07-03 09:08:30,2025-07-03 09:17:36.740358,,,,,,1,
193,ready,2025-07-03 09:08:45,2025-07-03 09:19:15.846668,,,,,,1,
194,ready,2025-07-03 09:08:28,2025-07-03 09:23:40.355140,,,,,,1,
195,ready,2025-07-03 09:09:13,2025-07-03 09:24:30.134200,,,,,,1,
196,ready,2025-07-03 09:09:37,2025-07-03 09:18:02.532901,,,,,,1,
197,ready,2025-07-03 09:10:29,2025-07-03 09:25:15.992265,,,,,,1,
198,ready,2025-07-03 09:10:54,2025-07-03 09:19:24.101693,,,,,,1,
199,ready,2025-07-03 09:10:01,2025-07-03 09:23:47.049206,,,,,,1,
200,ready,2025-07-03 09:10:01,2025-07-03 09:21:08.392044,,,,,,1,
201,ready,2025-07-03 09:10:44,2025-07-03 09:21:01.343596,,,,,,1,
202,ready,2025-07-03 09:11:38,2025-07-03 09:24:54.978118,,,,,,1,
203,ready,2025-07-03 09:12:28,2025-07-03 09:24:38.329451,,,,,,1,
204,ready,2025-07-03 09:12:11,2025-07-03 09:27:46.884761,,,,,,1,
205,ready,2025-07-03 09:12:01,2025-07-03 09:23:14.832707,,,,,,1,
206,ready,2025-07-03 09:12:17,2025-07-03 09:25:12.214665,,,,,,1,
207,ready,2025-07-03 09:12:09,2025-07-03 09:23:34.772474,,,,,,1,
208,ready,2025-07-03 09:12:24,2025-07-03 09:22:26.920110,,,,,,1,
209,ready,2025-07-03 09:13:26,2025-07-03 09:21:34.694358,,,,,,1,
210,ready,2025-07-03 09:14:10,2025-07-03 09:30:07.033868,,,,,,1,
211,ready,2025-07-03 09:14:04,2025-07-03 09:22:51.168555,,,,,,1,
212,ready,2025-07-03 09:14:39,2025-07-03 09:29:01.154136,,,,,,1,
213,ready,2025-07-03 09:14:23,2025-07-03 09:28:15.367494,,,,,,1,
214,ready,2025-07-03 09:14:32,2025-07-03 09:19:43.534975,,,,,,1,
215,ready,2025-07-03 09:14:35,2025-07-03 09:24:53.134010,,,,,,1,
216,ready,2025-07-03 09:14:12,2025-07-03 09:24:31.152655,,,,,,1,
217,ready,2025-07-03 09:15:06,2025-07-03 09:26:58.704699,,,,,,1,
218,ready,2025-07-03 09:15:04,2025-07-03 09:25:33.327223,,,,,,1,
219,ready,2025-07-03 09:15:39,2025-07-03 09:26:46.216318,,,,,,1,
220,ready,2025-07-03 09:16:13,2025-07-03 09:31:32.643704,,,,,,1,
221,ready,2025-07-03 09:16:24,2025-07-03 09:25:47.382024,,,,,,1,
222,ready,2025-07-03 09:16:01,2025-07-03 09:28:34.329110,,,,,,1,
223,ready,2025-07-03 09:17:59,2025-07-03 09:28:07.987255,,,,,,1,
224,ready,2025-07-03 09:17:24,2025-07-03 09:27:29.571786,,,,,,1,
225,ready,2025-07-03 09:18:30,2025-07-03 09:29:54.161333,,,,,,1,
226,ready,2025-07-03 09:18:38,2025-07-03 09:27:34.781776,,,,,,1,
227,ready,2025-07-03 09:18:10,2025-07-03 09:28:41.054148,,,,,,1,
228,ready,2025-07-03 09:18:17,2025-07-03 09:31:07.975855,,,,,,1,
229,ready,2025-07-03 09:19:44,2025-07-03 09:31:16.467143,,,,,,1,
230,ready,2025-07-03 09:19:40,2025-07-03 09:36:42.360300,,,,,,1,
231,ready,2025-07-03 09:20:10,2025-07-03 09:27:34.706387,,,,,,1,
232,ready,2025-07-03 09:20:47,2025-07-03 09:30:00.731190,,,,,,1,
233,ready,2025-07-03 09:20:16,2025-07-03 09:34:57.340382,,,,,,1,
234,ready,2025-07-03 09:20:45,2025-07-03 09:33:33.002599,,,,,,1,
235,ready,2025-07-03 09:21:05,2025-07-03 09:32:14.658733,,,,,,1,
236,ready,2025-07-03 09:22:40,2025-07-03 09:33:02.453756,,,,,,1,
237,ready,2025-07-03 09:22:42,2025-07-03 09:36:15.825771,,,,,,1,
238,ready,2025-07-03 09:22:37,2025-07-03 09:33:17.153322,,,,,,1,
239,ready,2025-07-03 09:22:56,2025-07-03 09:35:02.579487,,,,,,1,
240,ready,2025-07-03 09:22:48,2025-07-03 09:33:29.446983,,,,,,1,
241,ready,2025-07-03 09:22:42,2025-07-03 09:38:28.518450,,,,,,1,
242,ready,2025-07-03 09:23:18,2025-07-03 09:36:15.880167,,,,,,1,
243,ready,2025-07-03 09:23:53,2025-07-03 09:32:09.487885,,,,,,1,
244,ready,2025-07-03 09:24:10,2025-07-03 09:34:17.470958,,,,,,1,
245,ready,2025-07-03 09:24:56,2025-07-03 09:33:06.588841,,,,,,1,
246,ready,2025-07-03 09:24:10,2025-07-03 09:38:34.460778,,,,,,1,
247,ready,2025-07-03 09:25:27,2025-07-03 09:39:05.179922,,,,,,1,
248,ready,2025-07-03 09:25:13,2025-07-03 09:39:50.497987,,,,,,1,
249,ready,2025-07-03 09:26:45,2025-07-03 09:32:56.119230,,,,,,1,
250,ready,2025-07-03 09:26:49,2025-07-03 09:37:38.277902,,,,,,1,
251,ready,2025-07-03 09:26:54,2025-07-03 09:40:10.315167,,,,,,1,
252,ready,2025-07-03 09:26:08,2025-07-03 09:44:21.238182,,,,,,1,
253,ready,2025-07-03 09:27:43,2025-07-03 09:38:13.894956,,,,,,1,
254,ready,2025-07-03 09:27:16,2025-07-03 09:43:44.088039,,,,,,1,
255,ready,2025-07-03 09:27:44,2025-07-03 09:34:39.254061,,,,,,1,
256,ready,2025-07-03 09:27:57,2025-07-03 09:41:47.255121,,,,,,1,
257,ready,2025-07-03 09:27:54,2025-07-03 09:47:47.762317,,,,,,1,
258,ready,2025-07-03 09:28:51,2025-07-03 09:42:30.827895,,,,,,1,
259,ready,2025-07-03 09:28:52,2025-07-03 09:46:15.083169,,,,,,1,
260,ready,2025-07-03 09:29:10,2025-07-03 09:38:57.450553,,,,,,1,
261,ready,2025-07-03 09:29:03,2025-07-03 09:42:52.908780,,,,,,1,
262,ready,2025-07-03 09:29:39,2025-07-03 09:35:50.740313,,,,,,1,
263,ready,2025-07-03 09:29:46,2025-07-03 09:48:45.202928,,,,,,1,
264,ready,2025-07-03 09:30:24,2025-07-03 09:40:32.928103,,,,,,1,
265,ready,2025-07-03 09:30:51,2025-07-03 09:44:11.801386,,,,,,1,
266,ready,2025-07-03 09:30:28,2025-07-03 09:42:12.051675,,,,,,1,
267,ready,2025-07-03 09:30:08,2025-07-03 09:40:32.016413,,,,,,1,
268,ready,2025-07-03 09:31:43,2025-07-03 09:44:52.798890,,,,,,1,
269,ready,2025-07-03 09:32:30,2025-07-03 09:41:26.200464,,,,,,1,
270,ready,2025-07-03 09:32:58,2025-07-03 09:43:42.605291,,,,,,1,
271,ready,2025-07-03 09:32:36,2025-07-03 09:42:44.634731,,,,,,1,
272,ready,2025-07-03 09:33:58,2025-07-03 09:47:23.388565,,,,,,1,
273,ready,2025-07-03 09:33:54,2025-07-03 09:45:15.524616,,,,,,1,
274,ready,2025-07-03 09:33:13,2025-07-03 09:42:25.060348,,,,,,1,
275,ready,2025-07-03 09:33:56,2025-07-03 09:44:17.192408,,,,,,1,
276,ready,2025-07-03 09:34:47,2025-07-03 09:49:21.557055,,,,,,1,
277,ready,2025-07-03 09:34:04,2025-07-03 09:43:15.798324,,,,,,1,
278,ready,2025-07-03 09:34:33,2025-07-03 09:46:52.365684,,,,,,1,
279,ready,2025-07-03 09:35:24,2025-07-03 09:48:03.004800,,,,,,1,
280,ready,2025-07-03 09:35:44,2025-07-03 09:51:55.108815,,,,,,1,
281,ready,2025-07-03 09:35:15,2025-07-03 09:50:55.474182,,,,,,1,
282,ready,2025-07-03 09:35:52,2025-07-03 09:49:21.792295,,,,,,1,
283,ready,2025-07-03 09:35:29,2025-07-03 09:44:08.577566,,,,,,1,
284,ready,2025-07-03 09:37:12,2025-07-03 09:46:34.639293,,,,,,1,
285,ready,2025-07-03 09:37:36,2025-07-03 09:46:20.313700,,,,,,1,
286,ready,2025-07-03 09:37:25,2025-07-03 09:45:56.837313,,,,,,1,
287,ready,2025-07-03 09:37:39,2025-07-03 09:48:42.468776,,,,,,1,
288,ready,2025-07-03 09:38:17,2025-07-03 09:49:07.845321,,,,,,1,
289,ready,2025-07-03 09:38:05,2025-07-03 09:51:15.727970,,,,,,1,
290,ready,2025-07-03 09:39:52,2025-07-03 09:51:36.561744,,,,,,1,
291,ready,2025-07-03 09:39:59,2025-07-03 09:46:27.954728,,,,,,1,
292,ready,2025-07-03 09:40:29,2025-07-03 09:51:14.852152,,,,,,1,
293,ready,2025-07-03 09:40:18,2025-07-03 09:52:01.637404,,,,,,1,
294,ready,2025-07-03 09:40:32,2025-07-03 09:54:02.502407,,,,,,1,
295,ready,2025-07-03 09:40:44,2025-07-03 09:50:28.808050,,,,,,1,
296,ready,2025-07-03 09:40:29,2025-07-03 09:51:54.797774,,,,,,1,
297,ready,2025-07-03 09:41:39,2025-07-03 09:52:26.514969,,,,,,1,
298,ready,2025-07-03 09:41:10,2025-07-03 09:57:43.050958,,,,,,1,
299,ready,2025-07-03 09:41:07,2025-07-03 09:59:16.056990,,,,,,1,
300,ready,2025-07-03 09:41:17,2025-07-03 09:56:09.589026,,,,,,1,
301,ready,2025-07-03 09:42:37,2025-07-03 09:56:55.487015,,,,,,1,
302,ready,2025-07-03 09:42:25,2025-07-03 09:59:44.810908,,,,,,1,
303,ready,2025-07-03 09:42:04,2025-07-03 09:54:18.948347,,,,,,1,
304,ready,2025-07-03 09:42:11,2025-07-03 09:50:19.877932,,,,,,1,
305,ready,2025-07-03 09:42:39,2025-07-03 09:56:22.899991,,,,,,1,
306,ready,2025-07-03 09:42:23,2025-07-03 09:54:54.973851,,,,,,1,
307,ready,2025-07-03 09:42:17,2025-07-03 09:53:42.537967,,,,,,1,
308,ready,2025-07-03 09:42:21,2025-07-03 09:57:28.219623,,,,,,1,
309,ready,2025-07-03 09:42:07,2025-07-03 09:51:35.047786,,,,,,1,
310,ready,2025-07-03 09:43:39,2025-07-03 09:54:37.144558,,,,,,1,
311,ready,2025-07-03 09:43:18,2025-07-03 09:56:42.913578,,,,,,1,
312,ready,2025-07-03 09:44:43,2025-07-03 09:52:58.460274,,,,,,1,
313,ready,2025-07-03 09:44:57,2025-07-03 09:56:36.258538,,,,,,1,
314,ready,2025-07-03 09:45:16,2025-07-03 09:53:59.192353,,,,,,1,
315,ready,2025-07-03 09:45:28,2025-07-03 09:59:49.805320,,,,,,1,
316,ready,2025-07-03 09:45:09,2025-07-03 09:53:26.744181,,,,,,1,
317,ready,2025-07-03 09:45:06,2025-07-03 10:03:47.484827,,,,,,1,
318,ready,2025-07-03 09:46:51,2025-07-03 10:05:00.503026,,,,,,1,
319,ready,2025-07-03 09:47:16,2025-07-03 09:58:32.050231,,,,,,1,
320,ready,2025-07-03 09:48:14,2025-07-03 09:59:12.020068,,,,,,1,
321,ready,2025-07-03 09:48:09,2025-07-03 09:58:00.394388,,,,,,1,
322,ready,2025-07-03 09:49:01,2025-07-03 09:59:11.146129,,,,,,1,
323,ready,2025-07-03 09:50:41,2025-07-03 10:04:32.576177,,,,,,1,
324,ready,2025-07-03 09:50:37,2025-07-03 10:06:17.184722,,,,,,1,
325,ready,2025-07-03 09:51:31,2025-07-03 10:07:49.128165,,,,,,1,
326,ready,2025-07-03 09:51:05,2025-07-03 09:59:36.448139,,,,,,1,
327,ready,2025-07-03 09:52:51,2025-07-03 10:06:38.386921,,,,,,1,
328,ready,2025-07-03 09:53:38,2025-07-03 10:03:27.706258,,,,,,1,
329,ready,2025-07-03 09:55:41,2025-07-03 10:11:22.631861,,,,,,1,
330,ready,2025-07-03 09:56:38,2025-07-03 10:01:44.101301,,,,,,1,
331,ready,2025-07-03 09:56:07,2025-07-03 10:06:53.259597,,,,,,1,
332,ready,2025-07-03 09:57:00,2025-07-03 10:06:23.412650,,,,,,1,
333,ready,2025-07-03 09:57:54,2025-07-03 10:09:47.859884,,,,,,1,
334,ready,2025-07-03 09:57:59,2025-07-03 10:12:47.520026,,,,,,1,
335,ready,2025-07-03 09:58:39,2025-07-03 10:09:27.400040,,,,,,1,
336,ready,2025-07-03 09:58:54,2025-07-03 10:05:20.177931,,,,,,1,
337,ready,2025-07-03 09:58:00,2025-07-03 10:06:38.724966,,,,,,1,
338,ready,2025-07-03 09:58:22,2025-07-03 10:10:33.645118,,,,,,1,
339,ready,2025-07-03 09:59:52,2025-07-03 10:11:11.133862,,,,,,1,
340,ready,2025-07-03 09:59:36,2025-07-03 10:11:52.230719,,,,,,1,
341,ready,2025-07-03 10:00:07,2025-07-03 10:11:36.095439,,,,,,1,
342,ready,2025-07-03 10:00:41,2025-07-03 10:10:55.607147,,,,,,1,
343,ready,2025-07-03 10:00:50,2025-07-03 10:11:56.916078,,,,,,1,
344,ready,2025-07-03 10:00:02,2025-07-03 10:11:54.380429,,,,,,1,
345,ready,2025-07-03 10:01:31,2025-07-03 10:08:43.404757,,,,,,1,
346,ready,2025-07-03 10:01:56,2025-07-03 10:12:20.739853,,,,,,1,
347,ready,2025-07-03 10:01:44,2025-07-03 10:12:07.556856,,,,,,1,
348,ready,2025-07-03 10:01:14,2025-07-03 10:15:55.938779,,,,,,1,
349,ready,2025-07-03 10:02:44,2025-07-03 10:13:03.986852,,,,,,1,
350,ready,2025-07-03 10:03:07,2025-07-03 10:12:57.353830,,,,,,1,
351,ready,2025-07-03 10:04:41,2025-07-03 10:09:41.000000,,,,,,1,
352,ready,2025-07-03 10:05:20,2025-07-03 10:21:45.644236,,,,,,1,
353,ready,2025-07-03 10:05:44,2025-07-03 10:14:03.101866,,,,,,1,
354,ready,2025-07-03 10:05:13,2025-07-03 10:21:31.059837,,,,,,1,
355,ready,2025-07-03 10:06:10,2025-07-03 10:18:55.990885,,,,,,1,
356,ready,2025-07-03 10:06:12,2025-07-03 10:17:43.670240,,,,,,1,
357,ready,2025-07-03 10:06:08,2025-07-03 10:14:46.174883,,,,,,1,
358,ready,2025-07-03 10:08:03,2025-07-03 10:17:35.358093,,,,,,1,
359,ready,2025-07-03 10:08:40,2025-07-03 10:22:28.893908,,,,,,1,
360,ready,2025-07-03 10:08:56,2025-07-03 10:20:52.838421,,,,,,1,
361,ready,2025-07-03 10:08:55,2025-07-03 10:18:03.877213,,,,,,1,
362,ready,2025-07-03 10:10:23,2025-07-03 10:19:07.215493,,,,,,1,
363,ready,2025-07-03 10:11:26,2025-07-03 10:23:25.757929,,,,,,1,
364,ready,2025-07-03 10:12:32,2025-07-03 10:25:26.833709,,,,,,1,
365,ready,2025-07-03 10:12:17,2025-07-03 10:21:30.931786,,,,,,1,
366,ready,2025-07-03 10:13:02,2025-07-03 10:27:13.207583,,,,,,1,
367,ready,2025-07-03 10:13:46,2025-07-03 10:25:13.800053,,,,,,1,
368,ready,2025-07-03 10:14:02,2025-07-03 10:28:27.249409,,,,,,1,
369,ready,2025-07-03 10:15:50,2025-07-03 10:28:01.199664,,,,,,1,
370,ready,2025-07-03 10:15:42,2025-07-03 10:37:12.669187,,,,,,1,
371,ready,2025-07-03 10:17:09,2025-07-03 10:30:49.650785,,,,,,1,
372,ready,2025-07-03 10:17:51,2025-07-03 10:33:07.386569,,,,,,1,
373,ready,2025-07-03 10:18:12,2025-07-03 10:30:06.613011,,,,,,1,
374,ready,2025-07-03 10:18:11,2025-07-03 10:25:40.452088,,,,,,1,
375,ready,2025-07-03 10:19:13,2025-07-03 10:30:17.610362,,,,,,1,
376,ready,2025-07-03 10:22:51,2025-07-03 10:33:50.892733,,,,,,1,
377,ready,2025-07-03 10:23:56,2025-07-03 10:35:20.165382,,,,,,1,
378,ready,2025-07-03 10:23:19,2025-07-03 10:39:04.352888,,,,,,1,
379,ready,2025-07-03 10:27:00,2025-07-03 10:32:26.878809,,,,,,1,
380,ready,2025-07-03 10:28:54,2025-07-03 10:36:09.341082,,,,,,1,
381,ready,2025-07-03 10:29:08,2025-07-03 10:43:04.883961,,,,,,1,
382,ready,2025-07-03 10:34:17,2025-07-03 10:46:08.024650,,,,,,1,
383,ready,2025-07-03 10:34:37,2025-07-03 10:46:56.790499,,,,,,1,
384,ready,2025-07-03 10:34:14,2025-07-03 10:47:33.253788,,,,,,1,
385,ready,2025-07-03 10:35:10,2025-07-03 10:50:48.667149,,,,,,1,
386,ready,2025-07-03 10:35:35,2025-07-03 10:52:13.197052,,,,,,1,
387,ready,2025-07-03 10:36:57,2025-07-03 10:51:11.854856,,,,,,1,
388,ready,2025-07-03 10:36:48,2025-07-03 10:48:22.341500,,,,,,1,
389,ready,2025-07-03 10:36:03,2025-07-03 10:50:51.171479,,,,,,1,
390,ready,2025-07-03 10:38:01,2025-07-03 10:48:19.089699,,,,,,1,
391,ready,2025-07-03 10:38:51,2025-07-03 10:53:35.548947,,,,,,1,
392,ready,2025-07-03 10:40:32,2025-07-03 10:53:51.120273,,,,,,1,
393,ready,2025-07-03 10:40:21,2025-07-03 10:45:21.000000,,,,,,1,
394,ready,2025-07-03 10:41:58,2025-07-03 10:53:31.389043,,,,,,1,
395,ready,2025-07-03 10:43:38,2025-07-03 10:52:14.288037,,,,,,1,
396,ready,2025-07-03 10:44:33,2025-07-03 10:55:52.169665,,,,,,1,
397,ready,2025-07-03 10:44:19,2025-07-03 10:57:10.104897,,,,,,1,
398,ready,2025-07-03 10:45:01,2025-07-03 11:00:41.213140,,,,,,1,
399,ready,2025-07-03 10:47:40,2025-07-03 10:58:06.860874,,,,,,1,
400,ready,2025-07-03 10:47:08,2025-07-03 11:06:00.618047,,,,,,1,
401,ready,2025-07-03 10:48:00,2025-07-03 10:54:39.792405,,,,,,1,
402,ready,2025-07-03 10:48:01,2025-07-03 11:02:02.999914,,,,,,1,
403,ready,2025-07-03 10:50:25,2025-07-03 11:06:33.870937,,,,,,1,
404,ready,2025-07-03 10:51:38,2025-07-03 11:03:19.944911,,,,,,1,
405,ready,2025-07-03 10:53:14,2025-07-03 11:05:20.136261,,,,,,1,
406,ready,2025-07-03 10:54:19,2025-07-03 11:08:09.245361,,,,,,1,
407,ready,2025-07-03 10:54:15,2025-07-03 11:07:54.160332,,,,,,1,
408,ready,2025-07-03 10:56:40,2025-07-03 11:06:15.536388,,,,,,1,
409,ready,2025-07-03 10:59:33,2025-07-03 11:14:34.926432,,,,,,1,
410,ready,2025-07-03 11:04:29,2025-07-03 11:17:10.652406,,,,,,1,
411,ready,2025-07-03 11:04:39,2025-07-03 11:18:18.356966,,,,,,1,
412,ready,2025-07-03 11:06:25,2025-07-03 11:17:39.120804,,,,,,1,
413,ready,2025-07-03 11:07:57,2025-07-03 11:19:04.525622,,,,,,1,
414,ready,2025-07-03 11:08:36,2025-07-03 11:21:23.463988,,,,,,1,
415,ready,2025-07-03 11:10:19,2025-07-03 11:23:21.009809,,,,,,1,
416,ready,2025-07-03 11:11:34,2025-07-03 11:25:11.369167,,,,,,1,
417,ready,2025-07-03 11:11:36,2025-07-03 11:20:53.667215,,,,,,1,
418,ready,2025-07-03 11:15:50,2025-07-03 11:26:37.903947,,,,,,1,
419,ready,2025-07-03 11:16:19,2025-07-03 11:23:52.820937,,,,,,1,
420,ready,2025-07-03 11:17:06,2025-07-03 11:25:42.019012,,,,,,1,
421,ready,2025-07-03 11:18:25,2025-07-03 11:25:59.992357,,,,,,1,
422,ready,2025-07-03 11:19:15,2025-07-03 11:32:37.205999,,,,,,1,
423,ready,2025-07-03 11:20:57,2025-07-03 11:31:23.968084,,,,,,1,
424,ready,2025-07-03 11:22:15,2025-07-03 11:31:51.936257,,,,,,1,
425,ready,2025-07-03 11:24:50,2025-07-03 11:33:55.219635,,,,,,1,
426,ready,2025-07-03 11:26:02,2025-07-03 11:36:52.141444,,,,,,1,
427,ready,2025-07-03 11:27:51,2025-07-03 11:42:01.535116,,,,,,1,
428,ready,2025-07-03 11:29:20,2025-07-03 11:41:37.786280,,,,,,1,
429,ready,2025-07-03 11:30:12,2025-07-03 11:43:15.268066,,,,,,1,
430,ready,2025-07-03 11:30:44,2025-07-03 11:43:02.757839,,,,,,1,
431,ready,2025-07-03 11:31:42,2025-07-03 11:49:25.067791,,,,,,1,
432,ready,2025-07-03 11:31:44,2025-07-03 11:39:49.280817,,,,,,1,
433,ready,2025-07-03 11:32:54,2025-07-03 11:48:14.447443,,,,,,1,
434,ready,2025-07-03 11:34:46,2025-07-03 11:51:49.570821,,,,,,1,
435,ready,2025-07-03 11:34:52,2025-07-03 11:42:11.954075,,,,,,1,
436,ready,2025-07-03 11:34:01,2025-07-03 11:46:45.774687,,,,,,1,
437,ready,2025-07-03 11:35:21,2025-07-03 11:49:50.927580,,,,,,1,
438,ready,2025-07-03 11:35:34,2025-07-03 11:48:06.874546,,,,,,1,
439,ready,2025-07-03 11:35:40,2025-07-03 11:47:13.239683,,,,,,1,
440,ready,2025-07-03 11:38:31,2025-07-03 11:48:57.369830,,,,,,1,
441,ready,2025-07-03 11:39:55,2025-07-03 11:49:08.585281,,,,,,1,
442,ready,2025-07-03 11:40:02,2025-07-03 11:53:13.160357,,,,,,1,
443,ready,2025-07-03 11:40:10,2025-07-03 11:56:00.268604,,,,,,1,
444,ready,2025-07-03 11:41:38,2025-07-03 11:52:03.066329,,,,,,1,
445,ready,2025-07-03 11:44:37,2025-07-03 11:55:34.408085,,,,,,1,
446,ready,2025-07-03 11:45:15,2025-07-03 11:56:32.974981,,,,,,1,
447,ready,2025-07-03 11:46:13,2025-07-03 11:59:21.562873,,,,,,1,
448,ready,2025-07-03 11:47:05,2025-07-03 12:04:46.488475,,,,,,1,
449,ready,2025-07-03 11:48:40,2025-07-03 11:59:26.564889,,,,,,1,
450,ready,2025-07-03 11:49:53,2025-07-03 12:06:32.106731,,,,,,1,
451,ready,2025-07-03 11:50:29,2025-07-03 12:03:43.453824,,,,,,1,
452,ready,2025-07-03 11:57:23,2025-07-03 12:12:14.362561,,,,,,1,
453,ready,2025-07-03 11:58:40,2025-07-03 12:07:49.668467,,,,,,1,
454,ready,2025-07-03 11:59:10,2025-07-03 12:15:51.240984,,,,,,1,
455,ready,2025-07-03 11:59:50,2025-07-03 12:15:15.440312,,,,,,1,
456,ready,2025-07-03 12:04:02,2025-07-03 12:20:47.942802,,,,,,1,
457,ready,2025-07-03 12:05:18,2025-07-03 12:13:52.457418,,,,,,1,
458,ready,2025-07-03 12:05:26,2025-07-03 12:15:38.312934,,,,,,1,
459,ready,2025-07-03 12:07:39,2025-07-03 12:17:09.888540,,,,,,1,
460,ready,2025-07-03 12:08:16,2025-07-03 12:20:08.155532,,,,,,1,
461,ready,2025-07-03 12:09:23,2025-07-03 12:18:09.888221,,,,,,1,
462,ready,2025-07-03 12:09:08,2025-07-03 12:20:16.513360,,,,,,1,
463,ready,2025-07-03 12:10:59,2025-07-03 12:22:54.161782,,,,,,1,
464,ready,2025-07-03 12:12:23,2025-07-03 12:24:20.439430,,,,,,1,
465,ready,2025-07-03 12:12:14,2025-07-03 12:23:41.524151,,,,,,1,
466,ready,2025-07-03 12:13:03,2025-07-03 12:24:42.283950,,,,,,1,
467,ready,2025-07-03 12:13:00,2025-07-03 12:21:22.684365,,,,,,1,
468,ready,2025-07-03 12:14:37,2025-07-03 12:26:45.471498,,,,,,1,
469,ready,2025-07-03 12:15:46,2025-07-03 12:28:41.378793,,,,,,1,
470,ready,2025-07-03 12:16:04,2025-07-03 12:32:35.253180,,,,,,1,
471,ready,2025-07-03 12:16:09,2025-07-03 12:29:46.948830,,,,,,1,
472,ready,2025-07-03 12:18:26,2025-07-03 12:31:02.598162,,,,,,1,
473,ready,2025-07-03 12:21:04,2025-07-03 12:27:41.576729,,,,,,1,
474,ready,2025-07-03 12:23:54,2025-07-03 12:35:05.227809,,,,,,1,
475,ready,2025-07-03 12:23:48,2025-07-03 12:31:39.749139,,,,,,1,
476,ready,2025-07-03 12:27:25,2025-07-03 12:38:49.628084,,,,,,1,
477,ready,2025-07-03 12:28:06,2025-07-03 12:43:57.710717,,,,,,1,
478,ready,2025-07-03 12:28:29,2025-07-03 12:42:41.823560,,,,,,1,
479,ready,2025-07-03 12:29:19,2025-07-03 12:42:44.295407,,,,,,1,
480,ready,2025-07-03 12:30:29,2025-07-03 12:41:35.169721,,,,,,1,
481,ready,2025-07-03 12:35:02,2025-07-03 12:45:39.544809,,,,,,1,
482,ready,2025-07-03 12:37:02,2025-07-03 12:42:39.484603,,,,,,1,
483,ready,2025-07-03 12:40:06,2025-07-03 12:58:35.237566,,,,,,1,
484,ready,2025-07-03 12:40:49,2025-07-03 12:51:11.450355,,,,,,1,
485,ready,2025-07-03 12:41:52,2025-07-03 12:55:50.563194,,,,,,1,
486,ready,2025-07-03 12:41:21,2025-07-03 12:52:35.227053,,,,,,1,
487,ready,2025-07-03 12:42:25,2025-07-03 12:52:35.949331,,,,,,1,
488,ready,2025-07-03 12:43:11,2025-07-03 13:01:06.579467,,,,,,1,
489,ready,2025-07-03 12:44:27,2025-07-03 12:59:27.476595,,,,,,1,
490,ready,2025-07-03 12:48:39,2025-07-03 13:04:07.117438,,,,,,1,
491,ready,2025-07-03 12:49:43,2025-07-03 12:58:20.320069,,,,,,1,
492,ready,2025-07-03 12:49:58,2025-07-03 13:02:40.207684,,,,,,1,
493,ready,2025-07-03 12:50:01,2025-07-03 13:03:27.936837,,,,,,1,
494,ready,2025-07-03 12:55:48,2025-07-03 13:04:05.231452,,,,,,1,
495,ready,2025-07-03 12:55:21,2025-07-03 13:10:34.248976,,,,,,1,
496,ready,2025-07-03 12:56:54,2025-07-03 13:05:07.001381,,,,,,1,
497,ready,2025-07-03 13:04:06,2025-07-03 13:15:52.603873,,,,,,1,
498,ready,2025-07-03 13:05:18,2025-07-03 13:17:44.282900,,,,,,1,
499,ready,2025-07-03 13:08:25,2025-07-03 13:18:11.866707,,,,,,1,
500,ready,2025-07-03 13:08:10,2025-07-03 13:18:17.678117,,,,,,1,
501,ready,2025-07-03 13:09:37,2025-07-03 13:23:09.006826,,,,,,1,
502,ready,2025-07-03 13:11:38,2025-07-03 13:24:07.678662,,,,,,1,
503,ready,2025-07-03 13:12:38,2025-07-03 13:22:11.640424,,,,,,1,
504,ready,2025-07-03 13:12:57,2025-07-03 13:25:26.372413,,,,,,1,
505,ready,2025-07-03 13:12:22,2025-07-03 13:23:18.064606,,,,,,1,
506,ready,2025-07-03 13:13:49,2025-07-03 13:24:38.452603,,,,,,1,
507,ready,2025-07-03 13:13:43,2025-07-03 13:25:30.508755,,,,,,1,
508,ready,2025-07-03 13:16:17,2025-07-03 13:28:16.651657,,,,,,1,
509,ready,2025-07-03 13:16:19,2025-07-03 13:25:20.698074,,,,,,1,
510,ready,2025-07-03 13:17:07,2025-07-03 13:26:19.387520,,,,,,1,
511,ready,2025-07-03 13:20:13,2025-07-03 13:31:12.766294,,,,,,1,
512,ready,2025-07-03 13:21:05,2025-07-03 13:31:44.732859,,,,,,1,
513,ready,2025-07-03 13:22:13,2025-07-03 13:33:36.807861,,,,,,1,
514,ready,2025-07-03 13:22:53,2025-07-03 13:34:02.244147,,,,,,1,
515,ready,2025-07-03 13:24:54,2025-07-03 13:33:23.712494,,,,,,1,
516,ready,2025-07-03 13:26:06,2025-07-03 13:34:12.390240,,,,,,1,
517,ready,2025-07-03 13:29:37,2025-07-03 13:40:06.353844,,,,,,1,
518,ready,2025-07-03 13:31:31,2025-07-03 13:42:11.622653,,,,,,1,
519,ready,2025-07-03 13:31:35,2025-07-03 13:43:51.127254,,,,,,1,
520,ready,2025-07-03 13:32:17,2025-07-03 13:44:01.766083,,,,,,1,
521,ready,2025-07-03 13:32:08,2025-07-03 13:37:23.864343,,,,,,1,
522,ready,2025-07-03 13:32:40,2025-07-03 13:41:27.396804,,,,,,1,
523,ready,2025-07-03 13:32:43,2025-07-03 13:47:48.549128,,,,,,1,
524,ready,2025-07-03 13:33:18,2025-07-03 13:46:34.478897,,,,,,1,
525,ready,2025-07-03 13:33:14,2025-07-03 13:46:44.743246,,,,,,1,
526,ready,2025-07-03 13:34:26,2025-07-03 13:43:31.571307,,,,,,1,
527,ready,2025-07-03 13:35:47,2025-07-03 13:51:57.497977,,,,,,1,
528,ready,2025-07-03 13:35:53,2025-07-03 13:43:19.750915,,,,,,1,
529,ready,2025-07-03 13:44:09,2025-07-03 13:54:17.022687,,,,,,1,
530,ready,2025-07-03 13:46:31,2025-07-03 13:58:35.491398,,,,,,1,
531,ready,2025-07-03 13:46:13,2025-07-03 13:55:00.708392,,,,,,1,
532,ready,2025-07-03 13:48:49,2025-07-03 14:04:24.619804,,,,,,1,
533,ready,2025-07-03 13:49:54,2025-07-03 14:05:05.461711,,,,,,1,
534,ready,2025-07-03 13:50:49,2025-07-03 13:59:06.292636,,,,,,1,
535,ready,2025-07-03 13:54:02,2025-07-03 14:07:43.328224,,,,,,1,
536,ready,2025-07-03 13:56:19,2025-07-03 14:05:53.618753,,,,,,1,
537,ready,2025-07-03 13:57:53,2025-07-03 14:08:45.403651,,,,,,1,
538,ready,2025-07-03 13:57:46,2025-07-03 14:06:59.762183,,,,,,1,
539,ready,2025-07-03 13:59:33,2025-07-03 14:07:47.806803,,,,,,1,
540,ready,2025-07-03 14:00:47,2025-07-03 14:14:41.156541,,,,,,1,
541,ready,2025-07-03 14:03:47,2025-07-03 14:11:20.573038,,,,,,1,
542,ready,2025-07-03 14:04:51,2025-07-03 14:15:04.474492,,,,,,1,
543,ready,2025-07-03 14:06:04,2025-07-03 14:18:24.984717,,,,,,1,
544,ready,2025-07-03 14:08:37,2025-07-03 14:26:31.467025,,,,,,1,
545,ready,2025-07-03 14:09:58,2025-07-03 14:20:27.621629,,,,,,1,
546,ready,2025-07-03 14:09:28,2025-07-03 14:20:40.930207,,,,,,1,
547,ready,2025-07-03 14:10:31,2025-07-03 14:20:37.274459,,,,,,1,
548,ready,2025-07-03 14:14:41,2025-07-03 14:23:26.527217,,,,,,1,
549,ready,2025-07-03 14:15:03,2025-07-03 14:26:23.145619,,,,,,1,
550,ready,2025-07-03 14:15:46,2025-07-03 14:31:10.574123,,,,,,1,
551,ready,2025-07-03 14:17:50,2025-07-03 14:29:07.949083,,,,,,1,
552,ready,2025-07-03 14:18:14,2025-07-03 14:26:37.603971,,,,,,1,
553,ready,2025-07-03 14:19:56,2025-07-03 14:34:05.000256,,,,,,1,
554,ready,2025-07-03 14:20:14,2025-07-03 14:31:12.362226,,,,,,1,
555,ready,2025-07-03 14:21:02,2025-07-03 14:34:31.008385,,,,,,1,
556,ready,2025-07-03 14:21:52,2025-07-03 14:31:44.004004,,,,,,1,
557,ready,2025-07-03 14:22:41,2025-07-03 14:34:20.028014,,,,,,1,
558,ready,2025-07-03 14:24:05,2025-07-03 14:38:48.997277,,,,,,1,
559,ready,2025-07-03 14:24:33,2025-07-03 14:29:33.000000,,,,,,1,
560,ready,2025-07-03 14:25:11,2025-07-03 14:36:13.954812,,,,,,1,
561,ready,2025-07-03 14:26:30,2025-07-03 14:39:36.365153,,,,,,1,
562,ready,2025-07-03 14:30:32,2025-07-03 14:45:06.408076,,,,,,1,
563,ready,2025-07-03 14:30:42,2025-07-03 14:49:05.766236,,,,,,1,
564,ready,2025-07-03 14:30:56,2025-07-03 14:41:40.844579,,,,,,1,
565,ready,2025-07-03 14:31:18,2025-07-03 14:42:52.273146,,,,,,1,
566,ready,2025-07-03 14:31:04,2025-07-03 14:44:27.635788,,,,,,1,
567,ready,2025-07-03 14:31:30,2025-07-03 14:47:34.789991,,,,,,1,
568,ready,2025-07-03 14:35:09,2025-07-03 14:43:48.501416,,,,,,1,
569,ready,2025-07-03 14:35:59,2025-07-03 14:48:08.302714,,,,,,1,
570,ready,2025-07-03 14:36:53,2025-07-03 14:49:32.156780,,,,,,1,
571,ready,2025-07-03 14:36:38,2025-07-03 14:52:29.440405,,,,,,1,
572,ready,2025-07-03 14:38:47,2025-07-03 14:49:26.637619,,,,,,1,
573,ready,2025-07-03 14:40:05,2025-07-03 14:52:54.762698,,,,,,1,
574,ready,2025-07-03 14:43:22,2025-07-03 14:52:54.618469,,,,,,1,
575,ready,2025-07-03 14:44:36,2025-07-03 14:52:25.825102,,,,,,1,
576,ready,2025-07-03 14:47:09,2025-07-03 14:58:02.643704,,,,,,1,
577,ready,2025-07-03 14:50:32,2025-07-03 15:08:19.373875,,,,,,1,
578,ready,2025-07-03 14:50:53,2025-07-03 15:05:45.204639,,,,,,1,
579,ready,2025-07-03 14:51:17,2025-07-03 15:03:56.860852,,,,,,1,
580,ready,2025-07-03 14:52:50,2025-07-03 14:58:50.598996,,,,,,1,
581,ready,2025-07-03 14:53:51,2025-07-03 15:08:09.439311,,,,,,1,
582,ready,2025-07-03 14:58:48,2025-07-03 15:10:20.914795,,,,,,1,
583,ready,2025-07-03 14:59:23,2025-07-03 15:11:38.123876,,,,,,1,
584,ready,2025-07-03 15:01:32,2025-07-03 15:15:41.034395,,,,,,1,
585,ready,2025-07-03 15:01:38,2025-07-03 15:10:02.668254,,,,,,1,
586,ready,2025-07-03 15:03:02,2025-07-03 15:20:08.544102,,,,,,1,
587,ready,2025-07-03 15:05:31,2025-07-03 15:12:13.388536,,,,,,1,
588,ready,2025-07-03 15:07:47,2025-07-03 15:14:17.533874,,,,,,1,
589,ready,2025-07-03 15:08:56,2025-07-03 15:24:04.034506,,,,,,1,
590,ready,2025-07-03 15:09:48,2025-07-03 15:25:43.249336,,,,,,1,
591,ready,2025-07-03 15:09:23,2025-07-03 15:20:57.575588,,,,,,1,
592,ready,2025-07-03 15:11:02,2025-07-03 15:24:02.989230,,,,,,1,
593,ready,2025-07-03 15:11:14,2025-07-03 15:20:09.019630,,,,,,1,
594,ready,2025-07-03 15:14:47,2025-07-03 15:22:38.640361,,,,,,1,
595,ready,2025-07-03 15:15:52,2025-07-03 15:27:33.112474,,,,,,1,
596,ready,2025-07-03 15:17:53,2025-07-03 15:33:22.567775,,,,,,1,
597,ready,2025-07-03 15:19:49,2025-07-03 15:33:17.482314,,,,,,1,
598,ready,2025-07-03 15:19:05,2025-07-03 15:26:49.612809,,,,,,1,
599,ready,2025-07-03 15:21:13,2025-07-03 15:38:23.672000,,,,,,1,
600,ready,2025-07-03 15:22:57,2025-07-03 15:30:29.753746,,,,,,1,
601,ready,2025-07-03 15:24:56,2025-07-03 15:43:20.751161,,,,,,1,
602,ready,2025-07-03 15:24:15,2025-07-03 15:39:24.735889,,,,,,1,
603,ready,2025-07-03 15:25:20,2025-07-03 15:36:34.642741,,,,,,1,
604,ready,2025-07-03 15:26:50,2025-07-03 15:42:35.553520,,,,,,1,
605,ready,2025-07-03 15:27:20,2025-07-03 15:37:04.652148,,,,,,1,
606,ready,2025-07-03 15:28:25,2025-07-03 15:35:12.905982,,,,,,1,
607,ready,2025-07-03 15:28:41,2025-07-03 15:42:17.986857,,,,,,1,
608,ready,2025-07-03 15:29:59,2025-07-03 15:40:50.958003,,,,,,1,
609,ready,2025-07-03 15:29:55,2025-07-03 15:41:41.068781,,,,,,1,
610,ready,2025-07-03 15:30:37,2025-07-03 15:39:27.968094,,,,,,1,
611,ready,2025-07-03 15:31:47,2025-07-03 15:45:09.959869,,,,,,1,
612,ready,2025-07-03 15:33:00,2025-07-03 15:45:19.493976,,,,,,1,
613,ready,2025-07-03 15:35:49,2025-07-03 15:51:39.995291,,,,,,1,
614,ready,2025-07-03 15:36:46,2025-07-03 15:51:27.632333,,,,,,1,
615,ready,2025-07-03 15:37:46,2025-07-03 15:52:00.577508,,,,,,1,
616,ready,2025-07-03 15:37:37,2025-07-03 15:47:40.586885,,,,,,1,
617,ready,2025-07-03 15:38:28,2025-07-03 15:47:26.117530,,,,,,1,
618,ready,2025-07-03 15:38:04,2025-07-03 15:43:19.423161,,,,,,1,
619,ready,2025-07-03 15:38:52,2025-07-03 15:57:12.179808,,,,,,1,
620,ready,2025-07-03 15:40:24,2025-07-03 15:49:47.835699,,,,,,1,
621,ready,2025-07-03 15:40:17,2025-07-03 15:50:17.214359,,,,,,1,
622,ready,2025-07-03 15:40:40,2025-07-03 15:46:46.063714,,,,,,1,
623,ready,2025-07-03 15:41:24,2025-07-03 15:55:54.826400,,,,,,1,
624,ready,2025-07-03 15:41:20,2025-07-03 15:48:39.414022,,,,,,1,
625,ready,2025-07-03 15:41:36,2025-07-03 15:57:49.755731,,,,,,1,
626,ready,2025-07-03 15:42:24,2025-07-03 15:56:21.196313,,,,,,1,
627,ready,2025-07-03 15:42:53,2025-07-03 15:54:53.902733,,,,,,1,
628,ready,2025-07-03 15:45:38,2025-07-03 15:53:16.635323,,,,,,1,
629,ready,2025-07-03 15:47:49,2025-07-03 15:59:15.542881,,,,,,1,
630,ready,2025-07-03 15:51:47,2025-07-03 16:02:11.934315,,,,,,1,
631,ready,2025-07-03 15:51:59,2025-07-03 16:01:52.421018,,,,,,1,
632,ready,2025-07-03 15:51:34,2025-07-03 16:01:49.094031,,,,,,1,
633,ready,2025-07-03 15:52:49,2025-07-03 16:06:48.258219,,,,,,1,
634,ready,2025-07-03 15:53:32,2025-07-03 16:06:14.750615,,,,,,1,
635,ready,2025-07-03 15:53:15,2025-07-03 16:02:57.184068,,,,,,1,
636,ready,2025-07-03 15:54:01,2025-07-03 16:07:55.625199,,,,,,1,
637,ready,2025-07-03 15:54:27,2025-07-03 16:04:56.567301,,,,,,1,
638,ready,2025-07-03 15:56:26,2025-07-03 16:01:49.712847,,,,,,1,
639,ready,2025-07-03 15:57:41,2025-07-03 16:06:04.719110,,,,,,1,
640,ready,2025-07-03 15:57:39,2025-07-03 16:06:37.302835,,,,,,1,
641,ready,2025-07-03 15:58:34,2025-07-03 16:11:33.204060,,,,,,1,
642,ready,2025-07-03 15:58:01,2025-07-03 16:07:48.594629,,,,,,1,
643,ready,2025-07-03 15:59:10,2025-07-03 16:06:31.682864,,,,,,1,
644,ready,2025-07-03 16:00:04,2025-07-03 16:09:13.264495,,,,,,1,
645,ready,2025-07-03 16:00:18,2025-07-03 16:10:55.853852,,,,,,1,
646,ready,2025-07-03 16:00:47,2025-07-03 16:10:15.899028,,,,,,1,
647,ready,2025-07-03 16:01:01,2025-07-03 16:10:49.155718,,,,,,1,
648,ready,2025-07-03 16:02:35,2025-07-03 16:15:07.563604,,,,,,1,
649,ready,2025-07-03 16:03:30,2025-07-03 16:20:07.361179,,,,,,1,
650,ready,2025-07-03 16:03:14,2025-07-03 16:14:44.365603,,,,,,1,
651,ready,2025-07-03 16:03:38,2025-07-03 16:18:09.018043,,,,,,1,
652,ready,2025-07-03 16:03:34,2025-07-03 16:15:20.018386,,,,,,1,
653,ready,2025-07-03 16:05:14,2025-07-03 16:17:28.406426,,,,,,1,
654,ready,2025-07-03 16:05:19,2025-07-03 16:22:34.418953,,,,,,1,
655,ready,2025-07-03 16:06:33,2025-07-03 16:20:27.965113,,,,,,1,
656,ready,2025-07-03 16:06:08,2025-07-03 16:16:23.282874,,,,,,1,
657,ready,2025-07-03 16:07:46,2025-07-03 16:20:27.857099,,,,,,1,
658,ready,2025-07-03 16:08:22,2025-07-03 16:22:53.110641,,,,,,1,
659,ready,2025-07-03 16:08:42,2025-07-03 16:18:33.036197,,,,,,1,
660,ready,2025-07-03 16:09:13,2025-07-03 16:19:33.199760,,,,,,1,
661,ready,2025-07-03 16:11:10,2025-07-03 16:19:24.640156,,,,,,1,
662,ready,2025-07-03 16:12:34,2025-07-03 16:25:20.259148,,,,,,1,
663,ready,2025-07-03 16:12:52,2025-07-03 16:29:41.367788,,,,,,1,
664,ready,2025-07-03 16:13:32,2025-07-03 16:24:40.955433,,,,,,1,
665,ready,2025-07-03 16:13:42,2025-07-03 16:24:20.065667,,,,,,1,
666,ready,2025-07-03 16:13:33,2025-07-03 16:26:58.367423,,,,,,1,
667,ready,2025-07-03 16:13:26,2025-07-03 16:22:07.390170,,,,,,1,
668,ready,2025-07-03 16:13:39,2025-07-03 16:21:38.571584,,,,,,1,
669,ready,2025-07-03 16:14:27,2025-07-03 16:26:09.967764,,,,,,1,
670,ready,2025-07-03 16:15:38,2025-07-03 16:34:02.194300,,,,,,1,
671,ready,2025-07-03 16:16:36,2025-07-03 16:24:55.925593,,,,,,1,
672,ready,2025-07-03 16:16:43,2025-07-03 16:28:23.590647,,,,,,1,
673,ready,2025-07-03 16:17:12,2025-07-03 16:23:24.875089,,,,,,1,
674,ready,2025-07-03 16:17:15,2025-07-03 16:30:23.907766,,,,,,1,
675,ready,2025-07-03 16:17:30,2025-07-03 16:29:45.120269,,,,,,1,
676,ready,2025-07-03 16:18:01,2025-07-03 16:30:22.463977,,,,,,1,
677,ready,2025-07-03 16:18:54,2025-07-03 16:31:21.978139,,,,,,1,
678,ready,2025-07-03 16:19:07,2025-07-03 16:33:41.947174,,,,,,1,
679,ready,2025-07-03 16:19:42,2025-07-03 16:33:14.300450,,,,,,1,
680,ready,2025-07-03 16:19:17,2025-07-03 16:33:09.120361,,,,,,1,
681,ready,2025-07-03 16:19:57,2025-07-03 16:34:51.091687,,,,,,1,
682,ready,2025-07-03 16:20:30,2025-07-03 16:34:54.424978,,,,,,1,
683,ready,2025-07-03 16:21:43,2025-07-03 16:30:34.515362,,,,,,1,
684,ready,2025-07-03 16:22:11,2025-07-03 16:30:40.483791,,,,,,1,
685,ready,2025-07-03 16:22:56,2025-07-03 16:37:16.652893,,,,,,1,
686,ready,2025-07-03 16:23:45,2025-07-03 16:32:04.902098,,,,,,1,
687,ready,2025-07-03 16:23:42,2025-07-03 16:38:18.346392,,,,,,1,
688,ready,2025-07-03 16:23:02,2025-07-03 16:41:01.644596,,,,,,1,
689,ready,2025-07-03 16:23:17,2025-07-03 16:33:06.660576,,,,,,1,
690,ready,2025-07-03 16:24:30,2025-07-03 16:37:38.653717,,,,,,1,
691,ready,2025-07-03 16:24:51,2025-07-03 16:31:55.193125,,,,,,1,
692,ready,2025-07-03 16:25:12,2025-07-03 16:33:19.869531,,,,,,1,
693,ready,2025-07-03 16:25:55,2025-07-03 16:35:19.000242,,,,,,1,
694,ready,2025-07-03 16:27:44,2025-07-03 16:34:51.978183,,,,,,1,
695,ready,2025-07-03 16:27:45,2025-07-03 16:37:59.169630,,,,,,1,
696,ready,2025-07-03 16:27:58,2025-07-03 16:39:03.479587,,,,,,1,
697,ready,2025-07-03 16:27:53,2025-07-03 16:40:56.590882,,,,,,1,
698,ready,2025-07-03 16:29:57,2025-07-03 16:41:12.505808,,,,,,1,
699,ready,2025-07-03 16:29:14,2025-07-03 16:43:08.616333,,,,,,1,
700,ready,2025-07-03 16:29:13,2025-07-03 16:40:45.601952,,,,,,1,
701,ready,2025-07-03 16:29:05,2025-07-03 16:35:57.074929,,,,,,1,
702,ready,2025-07-03 16:29:49,2025-07-03 16:41:34.434178,,,,,,1,
703,ready,2025-07-03 16:29:33,2025-07-03 16:39:35.645010,,,,,,1,
704,ready,2025-07-03 16:29:33,2025-07-03 16:38:09.092215,,,,,,1,
705,ready,2025-07-03 16:31:14,2025-07-03 16:41:06.165512,,,,,,1,
706,ready,2025-07-03 16:31:22,2025-07-03 16:41:42.163496,,,,,,1,
707,ready,2025-07-03 16:33:09,2025-07-03 16:43:06.849522,,,,,,1,
708,ready,2025-07-03 16:33:07,2025-07-03 16:43:51.039717,,,,,,1,
709,ready,2025-07-03 16:33:56,2025-07-03 16:44:41.372367,,,,,,1,
710,ready,2025-07-03 16:34:08,2025-07-03 16:50:35.682428,,,,,,1,
711,ready,2025-07-03 16:34:22,2025-07-03 16:46:18.942277,,,,,,1,
712,ready,2025-07-03 16:34:41,2025-07-03 16:45:38.079449,,,,,,1,
713,ready,2025-07-03 16:34:24,2025-07-03 16:42:35.837195,,,,,,1,
714,ready,2025-07-03 16:34:19,2025-07-03 16:47:20.672864,,,,,,1,
715,ready,2025-07-03 16:34:11,2025-07-03 16:43:53.318588,,,,,,1,
716,ready,2025-07-03 16:35:52,2025-07-03 16:50:49.932813,,,,,,1,
717,ready,2025-07-03 16:35:22,2025-07-03 16:49:36.840127,,,,,,1,
718,ready,2025-07-03 16:35:19,2025-07-03 16:46:19.563266,,,,,,1,
719,ready,2025-07-03 16:36:03,2025-07-03 16:45:30.848389,,,,,,1,
720,ready,2025-07-03 16:36:27,2025-07-03 16:46:06.154995,,,,,,1,
721,ready,2025-07-03 16:37:30,2025-07-03 16:54:24.637604,,,,,,1,
722,ready,2025-07-03 16:37:52,2025-07-03 16:46:19.933210,,,,,,1,
723,ready,2025-07-03 16:37:34,2025-07-03 16:46:20.242858,,,,,,1,
724,ready,2025-07-03 16:37:45,2025-07-03 16:48:30.692924,,,,,,1,
725,ready,2025-07-03 16:37:37,2025-07-03 16:44:46.192246,,,,,,1,
726,ready,2025-07-03 16:37:35,2025-07-03 16:50:23.190188,,,,,,1,
727,ready,2025-07-03 16:37:40,2025-07-03 16:46:02.321171,,,,,,1,
728,ready,2025-07-03 16:38:50,2025-07-03 16:47:41.109681,,,,,,1,
729,ready,2025-07-03 16:39:05,2025-07-03 16:56:03.789174,,,,,,1,
730,ready,2025-07-03 16:40:47,2025-07-03 16:52:58.894201,,,,,,1,
731,ready,2025-07-03 16:40:11,2025-07-03 16:51:59.873069,,,,,,1,
732,ready,2025-07-03 16:40:05,2025-07-03 16:55:53.284190,,,,,,1,
733,ready,2025-07-03 16:40:06,2025-07-03 16:51:07.812850,,,,,,1,
734,ready,2025-07-03 16:41:27,2025-07-03 16:57:27.844918,,,,,,1,
735,ready,2025-07-03 16:42:35,2025-07-03 16:59:47.643032,,,,,,1,
736,ready,2025-07-03 16:42:09,2025-07-03 16:49:37.235150,,,,,,1,
737,ready,2025-07-03 16:42:00,2025-07-03 16:47:00.000000,,,,,,1,
738,ready,2025-07-03 16:42:58,2025-07-03 16:53:31.887318,,,,,,1,
739,ready,2025-07-03 16:43:18,2025-07-03 16:55:18.429043,,,,,,1,
740,ready,2025-07-03 16:43:44,2025-07-03 16:53:44.143288,,,,,,1,
741,ready,2025-07-03 16:44:45,2025-07-03 16:56:09.017717,,,,,,1,
742,ready,2025-07-03 16:45:44,2025-07-03 16:58:04.575025,,,,,,1,
743,ready,2025-07-03 16:45:59,2025-07-03 17:00:47.640533,,,,,,1,
744,ready,2025-07-03 16:45:58,2025-07-03 17:01:49.435315,,,,,,1,
745,ready,2025-07-03 16:45:46,2025-07-03 16:57:40.854451,,,,,,1,
746,ready,2025-07-03 16:45:59,2025-07-03 16:55:44.823785,,,,,,1,
747,ready,2025-07-03 16:46:37,2025-07-03 16:58:08.169344,,,,,,1,
748,ready,2025-07-03 16:46:09,2025-07-03 16:56:06.336950,,,,,,1,
749,ready,2025-07-03 16:47:46,2025-07-03 16:57:54.175362,,,,,,1,
750,ready,2025-07-03 16:47:40,2025-07-03 17:00:15.546479,,,,,,1,
751,ready,2025-07-03 16:47:21,2025-07-03 16:58:41.098285,,,,,,1,
752,ready,2025-07-03 16:47:38,2025-07-03 17:03:10.921068,,,,,,1,
753,ready,2025-07-03 16:48:33,2025-07-03 17:08:26.663810,,,,,,1,
754,ready,2025-07-03 16:48:44,2025-07-03 17:00:35.033141,,,,,,1,
755,ready,2025-07-03 16:48:52,2025-07-03 17:01:09.631226,,,,,,1,
756,ready,2025-07-03 16:48:45,2025-07-03 16:56:28.770314,,,,,,1,
757,ready,2025-07-03 16:49:41,2025-07-03 17:01:22.734902,,,,,,1,
758,ready,2025-07-03 16:49:57,2025-07-03 16:59:07.214557,,,,,,1,
759,ready,2025-07-03 16:49:24,2025-07-03 16:58:27.350156,,,,,,1,
760,ready,2025-07-03 16:49:46,2025-07-03 17:00:58.032832,,,,,,1,
761,ready,2025-07-03 16:49:11,2025-07-03 17:06:44.664887,,,,,,1,
762,ready,2025-07-03 16:50:58,2025-07-03 16:58:34.966163,,,,,,1,
763,ready,2025-07-03 16:50:55,2025-07-03 17:05:12.465747,,,,,,1,
764,ready,2025-07-03 16:52:20,2025-07-03 17:06:20.640300,,,,,,1,
765,ready,2025-07-03 16:52:58,2025-07-03 17:06:04.952954,,,,,,1,
766,ready,2025-07-03 16:53:34,2025-07-03 17:06:44.873946,,,,,,1,
767,ready,2025-07-03 16:53:26,2025-07-03 17:03:41.310828,,,,,,1,
768,ready,2025-07-03 16:53:13,2025-07-03 17:05:51.389262,,,,,,1,
769,ready,2025-07-03 16:53:11,2025-07-03 17:03:53.914246,,,,,,1,
770,ready,2025-07-03 16:54:53,2025-07-03 17:03:08.788803,,,,,,1,
771,ready,2025-07-03 16:54:32,2025-07-03 17:04:30.086299,,,,,,1,
772,ready,2025-07-03 16:54:16,2025-07-03 17:10:55.666968,,,,,,1,
773,ready,2025-07-03 16:54:13,2025-07-03 17:03:41.270957,,,,,,1,
774,ready,2025-07-03 16:55:36,2025-07-03 17:06:00.676486,,,,,,1,
775,ready,2025-07-03 16:55:28,2025-07-03 17:12:05.245336,,,,,,1,
776,ready,2025-07-03 16:56:06,2025-07-03 17:08:41.437070,,,,,,1,
777,ready,2025-07-03 16:56:57,2025-07-03 17:07:46.603831,,,,,,1,
778,ready,2025-07-03 16:56:40,2025-07-03 17:09:05.031596,,,,,,1,
779,ready,2025-07-03 16:56:24,2025-07-03 17:09:46.756737,,,,,,1,
780,ready,2025-07-03 16:57:06,2025-07-03 17:09:06.990996,,,,,,1,
781,ready,2025-07-03 16:57:33,2025-07-03 17:11:10.980315,,,,,,1,
782,ready,2025-07-03 16:57:39,2025-07-03 17:10:54.571555,,,,,,1,
783,ready,2025-07-03 16:57:52,2025-07-03 17:06:18.987019,,,,,,1,
784,ready,2025-07-03 16:58:43,2025-07-03 17:13:44.823276,,,,,,1,
785,ready,2025-07-03 16:58:05,2025-07-03 17:07:22.459880,,,,,,1,
786,ready,2025-07-03 16:58:51,2025-07-03 17:15:03.649876,,,,,,1,
787,ready,2025-07-03 16:58:12,2025-07-03 17:10:41.634013,,,,,,1,
788,ready,2025-07-03 16:59:09,2025-07-03 17:11:01.635518,,,,,,1,
789,ready,2025-07-03 16:59:16,2025-07-03 17:14:21.466685,,,,,,1,
790,ready,2025-07-03 17:01:52,2025-07-03 17:14:59.816922,,,,,,1,
791,ready,2025-07-03 17:01:33,2025-07-03 17:18:23.760815,,,,,,1,
792,ready,2025-07-03 17:01:00,2025-07-03 17:12:32.567769,,,,,,1,
793,ready,2025-07-03 17:01:28,2025-07-03 17:12:47.991145,,,,,,1,
794,ready,2025-07-03 17:01:03,2025-07-03 17:15:44.871756,,,,,,1,
795,ready,2025-07-03 17:02:53,2025-07-03 17:10:21.988461,,,,,,1,
796,ready,2025-07-03 17:02:01,2025-07-03 17:11:04.876878,,,,,,1,
797,ready,2025-07-03 17:02:38,2025-07-03 17:13:37.486944,,,,,,1,
798,ready,2025-07-03 17:03:03,2025-07-03 17:17:41.426547,,,,,,1,
799,ready,2025-07-03 17:03:09,2025-07-03 17:13:01.586713,,,,,,1,
800,ready,2025-07-03 17:03:27,2025-07-03 17:12:06.612925,,,,,,1,
801,ready,2025-07-03 17:04:47,2025-07-03 17:15:52.421962,,,,,,1,
802,ready,2025-07-03 17:04:01,2025-07-03 17:12:07.653330,,,,,,1,
803,ready,2025-07-03 17:04:13,2025-07-03 17:14:38.589841,,,,,,1,
804,ready,2025-07-03 17:04:12,2025-07-03 17:11:52.837170,,,,,,1,
805,ready,2025-07-03 17:04:00,2025-07-03 17:16:55.463896,,,,,,1,
806,ready,2025-07-03 17:04:36,2025-07-03 17:16:24.607850,,,,,,1,
807,ready,2025-07-03 17:04:30,2025-07-03 17:10:51.421530,,,,,,1,
808,ready,2025-07-03 17:05:06,2025-07-03 17:17:29.997480,,,,,,1,
809,ready,2025-07-03 17:05:04,2025-07-03 17:15:47.067547,,,,,,1,
810,ready,2025-07-03 17:06:25,2025-07-03 17:25:01.534247,,,,,,1,
811,ready,2025-07-03 17:06:21,2025-07-03 17:20:35.928485,,,,,,1,
812,ready,2025-07-03 17:07:19,2025-07-03 17:25:20.931870,,,,,,1,
813,ready,2025-07-03 17:07:56,2025-07-03 17:21:15.367840,,,,,,1,
814,ready,2025-07-03 17:08:23,2025-07-03 17:21:21.083185,,,,,,1,
815,ready,2025-07-03 17:09:08,2025-07-03 17:16:09.408888,,,,,,1,
816,ready,2025-07-03 17:10:23,2025-07-03 17:18:10.728162,,,,,,1,
817,ready,2025-07-03 17:10:45,2025-07-03 17:20:12.444867,,,,,,1,
818,ready,2025-07-03 17:10:30,2025-07-03 17:24:42.188686,,,,,,1,
819,ready,2025-07-03 17:10:49,2025-07-03 17:19:23.511006,,,,,,1,
820,ready,2025-07-03 17:10:14,2025-07-03 17:26:01.837947,,,,,,1,
821,ready,2025-07-03 17:10:11,2025-07-03 17:22:15.427226,,,,,,1,
822,ready,2025-07-03 17:11:53,2025-07-03 17:27:16.668628,,,,,,1,
823,ready,2025-07-03 17:11:41,2025-07-03 17:20:19.416139,,,,,,1,
824,ready,2025-07-03 17:11:39,2025-07-03 17:22:14.365753,,,,,,1,
825,ready,2025-07-03 17:11:59,2025-07-03 17:23:05.240685,,,,,,1,
826,ready,2025-07-03 17:11:58,2025-07-03 17:27:00.653370,,,,,,1,
827,ready,2025-07-03 17:11:52,2025-07-03 17:28:49.706038,,,,,,1,
828,ready,2025-07-03 17:12:53,2025-07-03 17:30:40.955341,,,,,,1,
829,ready,2025-07-03 17:12:22,2025-07-03 17:25:35.838627,,,,,,1,
830,ready,2025-07-03 17:12:52,2025-07-03 17:22:03.493929,,,,,,1,
831,ready,2025-07-03 17:13:02,2025-07-03 17:27:41.137865,,,,,,1,
832,ready,2025-07-03 17:13:25,2025-07-03 17:29:36.875769,,,,,,1,
833,ready,2025-07-03 17:14:27,2025-07-03 17:25:44.694827,,,,,,1,
834,ready,2025-07-03 17:14:15,2025-07-03 17:33:14.742213,,,,,,1,
835,ready,2025-07-03 17:15:55,2025-07-03 17:30:16.288148,,,,,,1,
836,ready,2025-07-03 17:15:21,2025-07-03 17:27:13.868348,,,,,,1,
837,ready,2025-07-03 17:16:41,2025-07-03 17:29:17.913750,,,,,,1,
838,ready,2025-07-03 17:18:41,2025-07-03 17:32:10.246616,,,,,,1,
839,ready,2025-07-03 17:18:42,2025-07-03 17:30:07.168201,,,,,,1,
840,ready,2025-07-03 17:18:34,2025-07-03 17:27:23.390746,,,,,,1,
841,ready,2025-07-03 17:18:50,2025-07-03 17:30:33.723295,,,,,,1,
842,ready,2025-07-03 17:19:53,2025-07-03 17:29:32.074580,,,,,,1,
843,ready,2025-07-03 17:19:46,2025-07-03 17:31:13.401413,,,,,,1,
844,ready,2025-07-03 17:19:05,2025-07-03 17:34:42.636855,,,,,,1,
845,ready,2025-07-03 17:19:28,2025-07-03 17:26:02.788349,,,,,,1,
846,ready,2025-07-03 17:20:43,2025-07-03 17:32:58.095004,,,,,,1,
847,ready,2025-07-03 17:20:56,2025-07-03 17:27:27.623081,,,,,,1,
848,ready,2025-07-03 17:20:24,2025-07-03 17:33:10.759948,,,,,,1,
849,ready,2025-07-03 17:21:17,2025-07-03 17:34:26.709930,,,,,,1,
850,ready,2025-07-03 17:21:40,2025-07-03 17:31:41.100478,,,,,,1,
851,ready,2025-07-03 17:21:07,2025-07-03 17:34:18.462916,,,,,,1,
852,ready,2025-07-03 17:21:25,2025-07-03 17:31:57.441839,,,,,,1,
853,ready,2025-07-03 17:21:00,2025-07-03 17:34:43.345169,,,,,,1,
854,ready,2025-07-03 17:22:57,2025-07-03 17:32:02.208525,,,,,,1,
855,ready,2025-07-03 17:22:51,2025-07-03 17:31:29.138418,,,,,,1,
856,ready,2025-07-03 17:22:20,2025-07-03 17:36:29.824943,,,,,,1,
857,ready,2025-07-03 17:23:57,2025-07-03 17:38:12.707931,,,,,,1,
858,ready,2025-07-03 17:24:44,2025-07-03 17:36:47.672765,,,,,,1,
859,ready,2025-07-03 17:24:43,2025-07-03 17:31:08.992552,,,,,,1,
860,ready,2025-07-03 17:24:00,2025-07-03 17:38:25.256701,,,,,,1,
861,ready,2025-07-03 17:25:58,2025-07-03 17:42:13.301620,,,,,,1,
862,ready,2025-07-03 17:25:23,2025-07-03 17:38:36.953835,,,,,,1,
863,ready,2025-07-03 17:25:43,2025-07-03 17:39:23.377786,,,,,,1,
864,ready,2025-07-03 17:25:54,2025-07-03 17:36:07.179818,,,,,,1,
865,ready,2025-07-03 17:26:14,2025-07-03 17:37:40.954567,,,,,,1,
866,ready,2025-07-03 17:26:02,2025-07-03 17:40:29.477038,,,,,,1,
867,ready,2025-07-03 17:26:18,2025-07-03 17:39:48.053839,,,,,,1,
868,ready,2025-07-03 17:27:21,2025-07-03 17:32:21.000000,,,,,,1,
869,ready,2025-07-03 17:27:24,2025-07-03 17:35:47.199383,,,,,,1,
870,ready,2025-07-03 17:27:19,2025-07-03 17:41:07.656943,,,,,,1,
871,ready,2025-07-03 17:28:08,2025-07-03 17:42:16.453976,,,,,,1,
872,ready,2025-07-03 17:28:47,2025-07-03 17:41:45.419631,,,,,,1,
873,ready,2025-07-03 17:28:50,2025-07-03 17:40:52.983127,,,,,,1,
874,ready,2025-07-03 17:28:36,2025-07-03 17:43:35.710362,,,,,,1,
875,ready,2025-07-03 17:29:55,2025-07-03 17:39:47.202603,,,,,,1,
876,ready,2025-07-03 17:29:19,2025-07-03 17:37:10.788957,,,,,,1,
877,ready,2025-07-03 17:29:28,2025-07-03 17:39:25.136762,,,,,,1,
878,ready,2025-07-03 17:29:38,2025-07-03 17:38:06.508181,,,,,,1,
879,ready,2025-07-03 17:29:45,2025-07-03 17:40:45.531174,,,,,,1,
880,ready,2025-07-03 17:29:38,2025-07-03 17:37:33.861199,,,,,,1,
881,ready,2025-07-03 17:30:10,2025-07-03 17:45:39.693814,,,,,,1,
882,ready,2025-07-03 17:30:41,2025-07-03 17:45:26.258821,,,,,,1,
883,ready,2025-07-03 17:31:48,2025-07-03 17:45:40.777734,,,,,,1,
884,ready,2025-07-03 17:31:09,2025-07-03 17:44:09.745017,,,,,,1,
885,ready,2025-07-03 17:31:54,2025-07-03 17:38:41.740547,,,,,,1,
886,ready,2025-07-03 17:31:06,2025-07-03 17:41:28.648265,,,,,,1,
887,ready,2025-07-03 17:31:30,2025-07-03 17:39:28.960895,,,,,,1,
888,ready,2025-07-03 17:32:03,2025-07-03 17:43:42.452595,,,,,,1,
889,ready,2025-07-03 17:32:52,2025-07-03 17:50:36.397294,,,,,,1,
890,ready,2025-07-03 17:32:59,2025-07-03 17:44:29.007879,,,,,,1,
891,ready,2025-07-03 17:33:13,2025-07-03 17:43:29.447277,,,,,,1,
892,ready,2025-07-03 17:34:59,2025-07-03 17:42:11.001232,,,,,,1,
893,ready,2025-07-03 17:34:32,2025-07-03 17:44:37.160594,,,,,,1,
894,ready,2025-07-03 17:36:53,2025-07-03 17:50:15.509451,,,,,,1,
895,ready,2025-07-03 17:36:26,2025-07-03 17:49:26.372991,,,,,,1,
896,ready,2025-07-03 17:36:39,2025-07-03 17:49:31.330739,,,,,,1,
897,ready,2025-07-03 17:39:09,2025-07-03 17:50:12.492235,,,,,,1,
898,ready,2025-07-03 17:39:24,2025-07-03 17:51:12.230847,,,,,,1,
899,ready,2025-07-03 17:39:37,2025-07-03 17:47:14.982642,,,,,,1,
900,ready,2025-07-03 17:39:11,2025-07-03 17:58:39.398735,,,,,,1,
901,ready,2025-07-03 17:40:15,2025-07-03 17:47:07.961649,,,,,,1,
902,ready,2025-07-03 17:41:53,2025-07-03 17:54:57.259982,,,,,,1,
903,ready,2025-07-03 17:41:02,2025-07-03 17:51:48.610932,,,,,,1,
904,ready,2025-07-03 17:41:57,2025-07-03 17:57:05.080326,,,,,,1,
905,ready,2025-07-03 17:42:50,2025-07-03 17:53:16.188095,,,,,,1,
906,ready,2025-07-03 17:42:57,2025-07-03 18:00:10.309919,,,,,,1,
907,ready,2025-07-03 17:42:27,2025-07-03 17:49:00.337749,,,,,,1,
908,ready,2025-07-03 17:42:48,2025-07-03 17:54:39.686011,,,,,,1,
909,ready,2025-07-03 17:42:50,2025-07-03 17:58:22.389961,,,,,,1,
910,ready,2025-07-03 17:43:05,2025-07-03 17:55:16.843830,,,,,,1,
911,ready,2025-07-03 17:43:29,2025-07-03 17:50:17.138297,,,,,,1,
912,ready,2025-07-03 17:44:44,2025-07-03 17:50:55.249702,,,,,,1,
913,ready,2025-07-03 17:44:27,2025-07-03 17:55:41.640693,,,,,,1,
914,ready,2025-07-03 17:45:58,2025-07-03 17:59:09.880882,,,,,,1,
915,ready,2025-07-03 17:46:12,2025-07-03 17:58:58.279502,,,,,,1,
916,ready,2025-07-03 17:46:02,2025-07-03 17:54:22.907197,,,,,,1,
917,ready,2025-07-03 17:46:30,2025-07-03 18:03:24.729364,,,,,,1,
918,ready,2025-07-03 17:47:28,2025-07-03 17:57:04.072687,,,,,,1,
919,ready,2025-07-03 17:47:01,2025-07-03 18:00:46.025737,,,,,,1,
920,ready,2025-07-03 17:47:07,2025-07-03 17:59:09.972849,,,,,,1,
921,ready,2025-07-03 17:48:12,2025-07-03 18:01:21.441386,,,,,,1,
922,ready,2025-07-03 17:49:36,2025-07-03 18:01:52.218606,,,,,,1,
923,ready,2025-07-03 17:50:00,2025-07-03 18:01:51.968144,,,,,,1,
924,ready,2025-07-03 17:51:07,2025-07-03 18:03:53.869899,,,,,,1,
925,ready,2025-07-03 17:51:40,2025-07-03 18:08:09.265813,,,,,,1,
926,ready,2025-07-03 17:52:06,2025-07-03 18:00:26.433515,,,,,,1,
927,ready,2025-07-03 17:52:04,2025-07-03 18:01:23.405802,,,,,,1,
928,ready,2025-07-03 17:54:39,2025-07-03 18:01:13.824962,,,,,,1,
929,ready,2025-07-03 17:55:39,2025-07-03 18:13:42.962750,,,,,,1,
930,ready,2025-07-03 17:56:25,2025-07-03 18:04:27.069961,,,,,,1,
931,ready,2025-07-03 17:57:34,2025-07-03 18:09:40.110188,,,,,,1,
932,ready,2025-07-03 17:57:23,2025-07-03 18:07:41.077499,,,,,,1,
933,ready,2025-07-03 17:58:20,2025-07-03 18:13:45.301588,,,,,,1,
934,ready,2025-07-03 17:58:41,2025-07-03 18:11:23.782183,,,,,,1,
935,ready,2025-07-03 17:59:12,2025-07-03 18:10:54.630826,,,,,,1,
936,ready,2025-07-03 17:59:59,2025-07-03 18:14:38.965032,,,,,,1,
937,ready,2025-07-03 18:02:27,2025-07-03 18:16:48.761024,,,,,,1,
938,ready,2025-07-03 18:02:30,2025-07-03 18:16:34.738736,,,,,,1,
939,ready,2025-07-03 18:03:48,2025-07-03 18:12:41.716553,,,,,,1,
940,ready,2025-07-03 18:04:50,2025-07-03 18:16:22.430681,,,,,,1,
941,ready,2025-07-03 18:05:43,2025-07-03 18:20:12.981037,,,,,,1,
942,ready,2025-07-03 18:05:11,2025-07-03 18:13:23.665681,,,,,,1,
943,ready,2025-07-03 18:07:00,2025-07-03 18:16:54.622885,,,,,,1,
944,ready,2025-07-03 18:08:54,2025-07-03 18:19:47.833958,,,,,,1,
945,ready,2025-07-03 18:08:41,2025-07-03 18:22:01.212365,,,,,,1,
946,ready,2025-07-03 18:08:12,2025-07-03 18:21:27.093419,,,,,,1,
947,ready,2025-07-03 18:11:10,2025-07-03 18:20:46.786447,,,,,,1,
948,ready,2025-07-03 18:11:25,2025-07-03 18:20:46.218576,,,,,,1,
949,ready,2025-07-03 18:11:04,2025-07-03 18:25:12.462093,,,,,,1,
950,ready,2025-07-03 18:12:56,2025-07-03 18:23:24.772570,,,,,,1,
951,ready,2025-07-03 18:12:29,2025-07-03 18:24:32.236536,,,,,,1,
952,ready,2025-07-03 18:14:27,2025-07-03 18:23:42.515304,,,,,,1,
953,ready,2025-07-03 18:16:15,2025-07-03 18:24:03.014548,,,,,,1,
954,ready,2025-07-03 18:17:45,2025-07-03 18:29:35.456427,,,,,,1,
955,ready,2025-07-03 18:17:11,2025-07-03 18:28:51.694943,,,,,,1,
956,ready,2025-07-03 18:17:37,2025-07-03 18:30:15.118940,,,,,,1,
957,ready,2025-07-03 18:17:36,2025-07-03 18:31:31.528111,,,,,,1,
958,ready,2025-07-03 18:18:20,2025-07-03 18:34:41.618915,,,,,,1,
959,ready,2025-07-03 18:19:35,2025-07-03 18:29:44.455905,,,,,,1,
960,ready,2025-07-03 18:22:27,2025-07-03 18:40:19.083382,,,,,,1,
961,ready,2025-07-03 18:23:18,2025-07-03 18:40:16.881573,,,,,,1,
962,ready,2025-07-03 18:23:47,2025-07-03 18:31:51.281852,,,,,,1,
963,ready,2025-07-03 18:23:37,2025-07-03 18:28:46.633488,,,,,,1,
964,ready,2025-07-03 18:25:08,2025-07-03 18:38:19.656809,,,,,,1,
965,ready,2025-07-03 18:28:40,2025-07-03 18:42:40.312754,,,,,,1,
966,ready,2025-07-03 18:28:55,2025-07-03 18:44:25.239890,,,,,,1,
967,ready,2025-07-03 18:29:18,2025-07-03 18:36:10.596014,,,,,,1,
968,ready,2025-07-03 18:29:13,2025-07-03 18:37:59.543189,,,,,,1,
969,ready,2025-07-03 18:30:09,2025-07-03 18:41:21.421020,,,,,,1,
970,ready,2025-07-03 18:31:12,2025-07-03 18:45:25.508633,,,,,,1,
971,ready,2025-07-03 18:31:57,2025-07-03 18:41:32.715493,,,,,,1,
972,ready,2025-07-03 18:31:02,2025-07-03 18:41:42.088354,,,,,,1,
973,ready,2025-07-03 18:32:26,2025-07-03 18:45:06.456406,,,,,,1,
974,ready,2025-07-03 18:34:15,2025-07-03 18:45:16.376577,,,,,,1,
975,ready,2025-07-03 18:35:38,2025-07-03 18:49:57.395630,,,,,,1,
976,ready,2025-07-03 18:36:08,2025-07-03 18:45:04.024614,,,,,,1,
977,ready,2025-07-03 18:41:00,2025-07-03 18:47:29.547948,,,,,,1,
978,ready,2025-07-03 18:41:21,2025-07-03 18:47:50.824416,,,,,,1,
979,ready,2025-07-03 18:42:31,2025-07-03 18:49:54.864255,,,,,,1,
980,ready,2025-07-03 18:43:51,2025-07-03 18:56:45.829878,,,,,,1,
981,ready,2025-07-03 18:44:18,2025-07-03 18:59:02.881658,,,,,,1,
982,ready,2025-07-03 18:46:20,2025-07-03 18:59:13.603979,,,,,,1,
983,ready,2025-07-03 18:47:24,2025-07-03 19:04:01.043279,,,,,,1,
984,ready,2025-07-03 18:47:33,2025-07-03 19:03:33.883694,,,,,,1,
985,ready,2025-07-03 18:49:43,2025-07-03 19:02:08.777993,,,,,,1,
986,ready,2025-07-03 18:51:11,2025-07-03 18:59:18.005972,,,,,,1,
987,ready,2025-07-03 18:52:23,2025-07-03 19:01:34.530818,,,,,,1,
988,ready,2025-07-03 18:53:03,2025-07-03 19:06:38.567836,,,,,,1,
989,ready,2025-07-03 18:54:21,2025-07-03 19:07:39.162889,,,,,,1,
990,ready,2025-07-03 18:55:46,2025-07-03 19:03:14.287108,,,,,,1,
991,ready,2025-07-03 18:57:04,2025-07-03 19:03:30.070480,,,,,,1,
992,ready,2025-07-03 18:58:23,2025-07-03 19:11:09.900993,,,,,,1,
993,ready,2025-07-03 18:59:32,2025-07-03 19:14:00.798372,,,,,,1,
